title,description,text,effort_hours
Mettre en place Système de vidéoconférence intégrée,Appels vidéo entre utilisateurs directement dans l'application avec partage d'écran,Mettre en place Système de vidéoconférence intégrée Appels vidéo entre utilisateurs directement dans l'application avec partage d'écran,50.3
Moteur de scoring prédictif client,Modèle prédictif qui score les clients selon leur probabilité de conversion,Moteur de scoring prédictif client Modèle prédictif qui score les clients selon leur probabilité de conversion,48.4
Système de notifications,Notifications en base de données affichées dans une cloche avec compteur non lus,Système de notifications Notifications en base de données affichées dans une cloche avec compteur non lus,16.5
Développer : Calendrier des événements,Calendrier interactif affichant les événements avec vue mois/semaine,Développer : Calendrier des événements Calendrier interactif affichant les événements avec vue mois/semaine,15.9
Affichage des commentaires,"Liste des commentaires sous un article, sans modération","Affichage des commentaires Liste des commentaires sous un article, sans modération",5.0
Architecture microservices pour module critique,Refonte d'un module en microservice indépendant avec communication asynchrone,Architecture microservices pour module critique Refonte d'un module en microservice indépendant avec communication asynchrone,49.0
Mettre en place Système de reconnaissance d'image,Intégration d'un modèle de vision par ordinateur pour classifier des images uploadées,Mettre en place Système de reconnaissance d'image Intégration d'un modèle de vision par ordinateur pour classifier des images uploadées,60.8
Développer : Système de messagerie interne,"Chat simple entre utilisateurs avec historique des messages, sans temps réel","Développer : Système de messagerie interne Chat simple entre utilisateurs avec historique des messages, sans temps réel",19.4
Développer : Export PDF de rapport,Génération de rapports PDF dynamiques avec mise en page personnalisée,Développer : Export PDF de rapport Génération de rapports PDF dynamiques avec mise en page personnalisée,12.6
Ajout d'un système de favoris,Bouton pour ajouter/retirer un élément des favoris de l'utilisateur,Ajout d'un système de favoris Bouton pour ajouter/retirer un élément des favoris de l'utilisateur,6.0
Mettre en place Système de recommandation de produits,Moteur de recommandation basé sur l'historique d'achat et le comportement de l'utilisateur,Mettre en place Système de recommandation de produits Moteur de recommandation basé sur l'historique d'achat et le comportement de l'utilisateur,44.2
Liste des produits avec filtres simples,Affichage produits avec filtre par catégorie uniquement,Liste des produits avec filtres simples Affichage produits avec filtre par catégorie uniquement,7.0
Développer : Synchronisation temps réel multi-utilisateurs,Édition collaborative en temps réel avec gestion des conflits entre plusieurs utilisateurs,Développer : Synchronisation temps réel multi-utilisateurs Édition collaborative en temps réel avec gestion des conflits entre plusieurs utilisateurs,54.2
Ajouter la fonctionnalité : Historique des actions utilisateur,Journal (log) qui trace les actions importantes effectuées par chaque utilisateur,Ajouter la fonctionnalité : Historique des actions utilisateur Journal (log) qui trace les actions importantes effectuées par chaque utilisateur,12.0
Module de reporting avancé avec export multi-format,"Génération de rapports complexes avec agrégations, filtres dynamiques et export PDF/Excel","Module de reporting avancé avec export multi-format Génération de rapports complexes avec agrégations, filtres dynamiques et export PDF/Excel",35.9
Mettre en place Module de facturation automatique récurrente,Génération automatique de factures récurrentes avec gestion des abonnements et relances,Mettre en place Module de facturation automatique récurrente Génération automatique de factures récurrentes avec gestion des abonnements et relances,36.5
Intelligence artificielle de détection de fraude,Modèle de machine learning pour détecter les transactions frauduleuses en temps réel,Intelligence artificielle de détection de fraude Modèle de machine learning pour détecter les transactions frauduleuses en temps réel,68.1
Système de recherche full-text avec Elasticsearch,Intégration d'un moteur de recherche performant avec indexation et pertinence des résultats,Système de recherche full-text avec Elasticsearch Intégration d'un moteur de recherche performant avec indexation et pertinence des résultats,35.0
Mettre en place Système de sécurité avec détection d'anomalies,Surveillance en temps réel du système avec détection d'anomalies via machine learning,Mettre en place Système de sécurité avec détection d'anomalies Surveillance en temps réel du système avec détection d'anomalies via machine learning,56.9
Créer formulaire de contact,"Ajouter un formulaire simple avec nom, email et message, envoyé par mail","Créer formulaire de contact Ajouter un formulaire simple avec nom, email et message, envoyé par mail",6.0
Système de notifications,Notifications en base de données affichées dans une cloche avec compteur non lus,Système de notifications Notifications en base de données affichées dans une cloche avec compteur non lus,18.3
Créer Page 404 personnalisée,Page d'erreur personnalisée avec redirection vers l'accueil,Créer Page 404 personnalisée Page d'erreur personnalisée avec redirection vers l'accueil,2.3
Ajouter la fonctionnalité : Ajout d'un système de favoris,Bouton pour ajouter/retirer un élément des favoris de l'utilisateur,Ajouter la fonctionnalité : Ajout d'un système de favoris Bouton pour ajouter/retirer un élément des favoris de l'utilisateur,6.6
Ajouter la fonctionnalité : Changer le mot de passe,Formulaire simple de changement de mot de passe avec validation basique,Ajouter la fonctionnalité : Changer le mot de passe Formulaire simple de changement de mot de passe avec validation basique,5.7
Système de vidéoconférence intégrée,Appels vidéo entre utilisateurs directement dans l'application avec partage d'écran,Système de vidéoconférence intégrée Appels vidéo entre utilisateurs directement dans l'application avec partage d'écran,55.0
Mettre en place Changer le mot de passe,Formulaire simple de changement de mot de passe avec validation basique,Mettre en place Changer le mot de passe Formulaire simple de changement de mot de passe avec validation basique,5.7
Développer : Système de messagerie interne,"Chat simple entre utilisateurs avec historique des messages, sans temps réel","Développer : Système de messagerie interne Chat simple entre utilisateurs avec historique des messages, sans temps réel",21.0
Estimation automatique de l'effort par IA,Modèle de machine learning qui prédit l'effort nécessaire à partir de la description d'une tâche,Estimation automatique de l'effort par IA Modèle de machine learning qui prédit l'effort nécessaire à partir de la description d'une tâche,51.4
Créer Upload et gestion d'images,Permettre l'upload d'images avec redimensionnement et stockage sécurisé,Créer Upload et gestion d'images Permettre l'upload d'images avec redimensionnement et stockage sécurisé,16.0
Plateforme temps réel multi-tenant à grande échelle,Architecture supportant plusieurs organisations simultanément avec isolation des données et scalabilité,Plateforme temps réel multi-tenant à grande échelle Architecture supportant plusieurs organisations simultanément avec isolation des données et scalabilité,63.2
Ajouter la fonctionnalité : Intelligence artificielle de détection de fraude,Modèle de machine learning pour détecter les transactions frauduleuses en temps réel,Ajouter la fonctionnalité : Intelligence artificielle de détection de fraude Modèle de machine learning pour détecter les transactions frauduleuses en temps réel,54.4
Page de contact avec carte,Formulaire de contact avec une carte Google Maps intégrée,Page de contact avec carte Formulaire de contact avec une carte Google Maps intégrée,5.7
Créer Afficher liste des utilisateurs,Page qui affiche la liste des utilisateurs avec pagination simple,Créer Afficher liste des utilisateurs Page qui affiche la liste des utilisateurs avec pagination simple,4.7
Ajout d'un menu de navigation,Menu responsive avec liens vers les pages principales,Ajout d'un menu de navigation Menu responsive avec liens vers les pages principales,4.0
Calendrier des événements,Calendrier interactif affichant les événements avec vue mois/semaine,Calendrier des événements Calendrier interactif affichant les événements avec vue mois/semaine,17.4
Créer Système de reconnaissance d'image,Intégration d'un modèle de vision par ordinateur pour classifier des images uploadées,Créer Système de reconnaissance d'image Intégration d'un modèle de vision par ordinateur pour classifier des images uploadées,56.8
Développer : Système de notifications,Notifications en base de données affichées dans une cloche avec compteur non lus,Développer : Système de notifications Notifications en base de données affichées dans une cloche avec compteur non lus,16.2
Mettre en place Système de cache distribué,Mise en place de Redis pour la mise en cache distribuée sur plusieurs instances serveur,Mettre en place Système de cache distribué Mise en place de Redis pour la mise en cache distribuée sur plusieurs instances serveur,28.1
Créer Dashboard avec statistiques,Tableau de bord affichant des graphiques et indicateurs clés à partir de la base de données,Créer Dashboard avec statistiques Tableau de bord affichant des graphiques et indicateurs clés à partir de la base de données,17.9
Développer : Plateforme temps réel multi-tenant à grande échelle,Architecture supportant plusieurs organisations simultanément avec isolation des données et scalabilité,Développer : Plateforme temps réel multi-tenant à grande échelle Architecture supportant plusieurs organisations simultanément avec isolation des données et scalabilité,65.2
Développer : Ajouter un champ de recherche,Barre de recherche simple qui filtre une liste côté client,Développer : Ajouter un champ de recherche Barre de recherche simple qui filtre une liste côté client,3.5
Développer : Page à propos statique,Page HTML statique avec texte de présentation de l'entreprise,Développer : Page à propos statique Page HTML statique avec texte de présentation de l'entreprise,2.2
Créer Système de tags et étiquettes,Ajout d'un système de tags réutilisables sur plusieurs entités,Créer Système de tags et étiquettes Ajout d'un système de tags réutilisables sur plusieurs entités,11.7
Synchronisation temps réel multi-utilisateurs,Édition collaborative en temps réel avec gestion des conflits entre plusieurs utilisateurs,Synchronisation temps réel multi-utilisateurs Édition collaborative en temps réel avec gestion des conflits entre plusieurs utilisateurs,47.0
Export PDF de rapport,Génération de rapports PDF dynamiques avec mise en page personnalisée,Export PDF de rapport Génération de rapports PDF dynamiques avec mise en page personnalisée,13.3
Créer Système de sécurité avec détection d'anomalies,Surveillance en temps réel du système avec détection d'anomalies via machine learning,Créer Système de sécurité avec détection d'anomalies Surveillance en temps réel du système avec détection d'anomalies via machine learning,57.8
Créer Système de recommandation de produits,Moteur de recommandation basé sur l'historique d'achat et le comportement de l'utilisateur,Créer Système de recommandation de produits Moteur de recommandation basé sur l'historique d'achat et le comportement de l'utilisateur,49.0
Ajouter la fonctionnalité : Chatbot intelligent avec NLP,Assistant conversationnel utilisant le traitement du langage naturel pour répondre aux questions clients,Ajouter la fonctionnalité : Chatbot intelligent avec NLP Assistant conversationnel utilisant le traitement du langage naturel pour répondre aux questions clients,55.6
Mettre en place Système de messagerie en temps réel,"Chat en temps réel entre utilisateurs avec WebSockets, indicateurs de frappe et statut en ligne","Mettre en place Système de messagerie en temps réel Chat en temps réel entre utilisateurs avec WebSockets, indicateurs de frappe et statut en ligne",44.4
Afficher liste des utilisateurs,Page qui affiche la liste des utilisateurs avec pagination simple,Afficher liste des utilisateurs Page qui affiche la liste des utilisateurs avec pagination simple,5.0
Export PDF de rapport,Génération de rapports PDF dynamiques avec mise en page personnalisée,Export PDF de rapport Génération de rapports PDF dynamiques avec mise en page personnalisée,13.0
Développer : Historique des actions utilisateur,Journal (log) qui trace les actions importantes effectuées par chaque utilisateur,Développer : Historique des actions utilisateur Journal (log) qui trace les actions importantes effectuées par chaque utilisateur,12.8
Système de recherche full-text avec Elasticsearch,Intégration d'un moteur de recherche performant avec indexation et pertinence des résultats,Système de recherche full-text avec Elasticsearch Intégration d'un moteur de recherche performant avec indexation et pertinence des résultats,37.2
Ajouter la fonctionnalité : Ajout d'un système de favoris,Bouton pour ajouter/retirer un élément des favoris de l'utilisateur,Ajouter la fonctionnalité : Ajout d'un système de favoris Bouton pour ajouter/retirer un élément des favoris de l'utilisateur,5.4
Gestion des fichiers joints,"Permettre l'ajout de plusieurs fichiers (pdf, image) à une tâche avec prévisualisation","Gestion des fichiers joints Permettre l'ajout de plusieurs fichiers (pdf, image) à une tâche avec prévisualisation",15.0
Développer : Système d'authentification à deux facteurs,Ajout de la 2FA par SMS ou application d'authentification avec gestion de la récupération,Développer : Système d'authentification à deux facteurs Ajout de la 2FA par SMS ou application d'authentification avec gestion de la récupération,30.1
Développer : Système de rôles et permissions,"Gestion de rôles (admin, manager, user) avec permissions différenciées par page","Développer : Système de rôles et permissions Gestion de rôles (admin, manager, user) avec permissions différenciées par page",22.7
Mettre en place Système de notifications,Notifications en base de données affichées dans une cloche avec compteur non lus,Mettre en place Système de notifications Notifications en base de données affichées dans une cloche avec compteur non lus,18.6
Mettre en place Calendrier des événements,Calendrier interactif affichant les événements avec vue mois/semaine,Mettre en place Calendrier des événements Calendrier interactif affichant les événements avec vue mois/semaine,19.8
Créer Système de cache distribué,Mise en place de Redis pour la mise en cache distribuée sur plusieurs instances serveur,Créer Système de cache distribué Mise en place de Redis pour la mise en cache distribuée sur plusieurs instances serveur,29.5
Développer : Système de sécurité avec détection d'anomalies,Surveillance en temps réel du système avec détection d'anomalies via machine learning,Développer : Système de sécurité avec détection d'anomalies Surveillance en temps réel du système avec détection d'anomalies via machine learning,56.6
Gestion des fichiers joints,"Permettre l'ajout de plusieurs fichiers (pdf, image) à une tâche avec prévisualisation","Gestion des fichiers joints Permettre l'ajout de plusieurs fichiers (pdf, image) à une tâche avec prévisualisation",15.3
Intelligence artificielle de détection de fraude,Modèle de machine learning pour détecter les transactions frauduleuses en temps réel,Intelligence artificielle de détection de fraude Modèle de machine learning pour détecter les transactions frauduleuses en temps réel,62.4
Développer : Système de cache distribué,Mise en place de Redis pour la mise en cache distribuée sur plusieurs instances serveur,Développer : Système de cache distribué Mise en place de Redis pour la mise en cache distribuée sur plusieurs instances serveur,26.0
Créer Système de cache distribué,Mise en place de Redis pour la mise en cache distribuée sur plusieurs instances serveur,Créer Système de cache distribué Mise en place de Redis pour la mise en cache distribuée sur plusieurs instances serveur,30.5
Créer Système de recommandation de produits,Moteur de recommandation basé sur l'historique d'achat et le comportement de l'utilisateur,Créer Système de recommandation de produits Moteur de recommandation basé sur l'historique d'achat et le comportement de l'utilisateur,57.5
Système de vidéoconférence intégrée,Appels vidéo entre utilisateurs directement dans l'application avec partage d'écran,Système de vidéoconférence intégrée Appels vidéo entre utilisateurs directement dans l'application avec partage d'écran,60.9
Ajouter la fonctionnalité : Affichage des commentaires,"Liste des commentaires sous un article, sans modération","Ajouter la fonctionnalité : Affichage des commentaires Liste des commentaires sous un article, sans modération",5.6
Mettre en place Système de validation en plusieurs étapes,"Workflow d'approbation à plusieurs niveaux (soumission, revue, validation finale)","Mettre en place Système de validation en plusieurs étapes Workflow d'approbation à plusieurs niveaux (soumission, revue, validation finale)",17.1
Créer Système de reconnaissance d'image,Intégration d'un modèle de vision par ordinateur pour classifier des images uploadées,Créer Système de reconnaissance d'image Intégration d'un modèle de vision par ordinateur pour classifier des images uploadées,63.2
Créer table des catégories,"CRUD basique pour gérer des catégories (ajout, édition, suppression)","Créer table des catégories CRUD basique pour gérer des catégories (ajout, édition, suppression)",8.0
Créer Module d'analyse prédictive,Tableau de bord utilisant un modèle prédictif pour anticiper des tendances métier,Créer Module d'analyse prédictive Tableau de bord utilisant un modèle prédictif pour anticiper des tendances métier,37.5
Mettre en place Gestion des fichiers joints,"Permettre l'ajout de plusieurs fichiers (pdf, image) à une tâche avec prévisualisation","Mettre en place Gestion des fichiers joints Permettre l'ajout de plusieurs fichiers (pdf, image) à une tâche avec prévisualisation",16.9
Créer Upload et gestion d'images,Permettre l'upload d'images avec redimensionnement et stockage sécurisé,Créer Upload et gestion d'images Permettre l'upload d'images avec redimensionnement et stockage sécurisé,13.3
Ajouter la fonctionnalité : Automatisation complète des tests avec IA,Génération automatique de scénarios de test à partir de l'analyse du code par IA,Ajouter la fonctionnalité : Automatisation complète des tests avec IA Génération automatique de scénarios de test à partir de l'analyse du code par IA,49.4
Développer : Système de messagerie interne,"Chat simple entre utilisateurs avec historique des messages, sans temps réel","Développer : Système de messagerie interne Chat simple entre utilisateurs avec historique des messages, sans temps réel",19.5
Ajouter la fonctionnalité : Chatbot intelligent avec NLP,Assistant conversationnel utilisant le traitement du langage naturel pour répondre aux questions clients,Ajouter la fonctionnalité : Chatbot intelligent avec NLP Assistant conversationnel utilisant le traitement du langage naturel pour répondre aux questions clients,61.8
Créer Système de notifications,Notifications en base de données affichées dans une cloche avec compteur non lus,Créer Système de notifications Notifications en base de données affichées dans une cloche avec compteur non lus,20.3
Mettre en place Système de messagerie en temps réel,"Chat en temps réel entre utilisateurs avec WebSockets, indicateurs de frappe et statut en ligne","Mettre en place Système de messagerie en temps réel Chat en temps réel entre utilisateurs avec WebSockets, indicateurs de frappe et statut en ligne",46.7
Mettre en place Synchronisation temps réel multi-utilisateurs,Édition collaborative en temps réel avec gestion des conflits entre plusieurs utilisateurs,Mettre en place Synchronisation temps réel multi-utilisateurs Édition collaborative en temps réel avec gestion des conflits entre plusieurs utilisateurs,52.9
Ajouter la fonctionnalité : Page à propos statique,Page HTML statique avec texte de présentation de l'entreprise,Ajouter la fonctionnalité : Page à propos statique Page HTML statique avec texte de présentation de l'entreprise,1.7
Créer Système de recherche full-text avec Elasticsearch,Intégration d'un moteur de recherche performant avec indexation et pertinence des résultats,Créer Système de recherche full-text avec Elasticsearch Intégration d'un moteur de recherche performant avec indexation et pertinence des résultats,31.0
Mettre en place Intégration paiement en ligne,"Ajouter Stripe pour permettre aux clients de payer leurs commandes, avec gestion des erreurs et webhook de confirmation","Mettre en place Intégration paiement en ligne Ajouter Stripe pour permettre aux clients de payer leurs commandes, avec gestion des erreurs et webhook de confirmation",43.7
Mettre en place Page de contact avec carte,Formulaire de contact avec une carte Google Maps intégrée,Mettre en place Page de contact avec carte Formulaire de contact avec une carte Google Maps intégrée,6.4
Ajouter la fonctionnalité : Système de validation en plusieurs étapes,"Workflow d'approbation à plusieurs niveaux (soumission, revue, validation finale)","Ajouter la fonctionnalité : Système de validation en plusieurs étapes Workflow d'approbation à plusieurs niveaux (soumission, revue, validation finale)",18.9
Ajouter un champ de recherche,Barre de recherche simple qui filtre une liste côté client,Ajouter un champ de recherche Barre de recherche simple qui filtre une liste côté client,3.7
Développer : Ajouter bouton de suppression,Bouton pour supprimer un élément avec une confirmation basique,Développer : Ajouter bouton de suppression Bouton pour supprimer un élément avec une confirmation basique,3.1
Mettre en place Ajout d'un système de favoris,Bouton pour ajouter/retirer un élément des favoris de l'utilisateur,Mettre en place Ajout d'un système de favoris Bouton pour ajouter/retirer un élément des favoris de l'utilisateur,6.6
Développer : Export CSV simple,Bouton pour exporter une liste en fichier CSV basique,Développer : Export CSV simple Bouton pour exporter une liste en fichier CSV basique,5.7
Intégration d'un système de tags dynamiques,Auto-complétion de tags existants lors de la saisie,Intégration d'un système de tags dynamiques Auto-complétion de tags existants lors de la saisie,11.0
Export PDF de rapport,Génération de rapports PDF dynamiques avec mise en page personnalisée,Export PDF de rapport Génération de rapports PDF dynamiques avec mise en page personnalisée,11.4
Développer : Système de messagerie interne,"Chat simple entre utilisateurs avec historique des messages, sans temps réel","Développer : Système de messagerie interne Chat simple entre utilisateurs avec historique des messages, sans temps réel",20.8
Développer : Intégration webhook multi-services,Système d'événements sortants vers plusieurs services externes avec retry automatique,Développer : Intégration webhook multi-services Système d'événements sortants vers plusieurs services externes avec retry automatique,30.7
Mettre en place Intelligence artificielle de détection de fraude,Modèle de machine learning pour détecter les transactions frauduleuses en temps réel,Mettre en place Intelligence artificielle de détection de fraude Modèle de machine learning pour détecter les transactions frauduleuses en temps réel,64.6
Créer Afficher liste des utilisateurs,Page qui affiche la liste des utilisateurs avec pagination simple,Créer Afficher liste des utilisateurs Page qui affiche la liste des utilisateurs avec pagination simple,5.2
Mettre en place Gestion des fichiers joints,"Permettre l'ajout de plusieurs fichiers (pdf, image) à une tâche avec prévisualisation","Mettre en place Gestion des fichiers joints Permettre l'ajout de plusieurs fichiers (pdf, image) à une tâche avec prévisualisation",16.6
Ajouter la fonctionnalité : Page de contact avec carte,Formulaire de contact avec une carte Google Maps intégrée,Ajouter la fonctionnalité : Page de contact avec carte Formulaire de contact avec une carte Google Maps intégrée,5.6
Créer Gestion des fichiers joints,"Permettre l'ajout de plusieurs fichiers (pdf, image) à une tâche avec prévisualisation","Créer Gestion des fichiers joints Permettre l'ajout de plusieurs fichiers (pdf, image) à une tâche avec prévisualisation",16.7
Ajouter la fonctionnalité : Intelligence artificielle de détection de fraude,Modèle de machine learning pour détecter les transactions frauduleuses en temps réel,Ajouter la fonctionnalité : Intelligence artificielle de détection de fraude Modèle de machine learning pour détecter les transactions frauduleuses en temps réel,56.9
Ajouter un champ de recherche,Barre de recherche simple qui filtre une liste côté client,Ajouter un champ de recherche Barre de recherche simple qui filtre une liste côté client,4.0
Liste des produits avec filtres simples,Affichage produits avec filtre par catégorie uniquement,Liste des produits avec filtres simples Affichage produits avec filtre par catégorie uniquement,7.9
Développer : Upload et gestion d'images,Permettre l'upload d'images avec redimensionnement et stockage sécurisé,Développer : Upload et gestion d'images Permettre l'upload d'images avec redimensionnement et stockage sécurisé,13.9
Développer : Page 404 personnalisée,Page d'erreur personnalisée avec redirection vers l'accueil,Développer : Page 404 personnalisée Page d'erreur personnalisée avec redirection vers l'accueil,2.2
Créer Estimation automatique de l'effort par IA,Modèle de machine learning qui prédit l'effort nécessaire à partir de la description d'une tâche,Créer Estimation automatique de l'effort par IA Modèle de machine learning qui prédit l'effort nécessaire à partir de la description d'une tâche,50.4
Ajouter la fonctionnalité : Système de messagerie en temps réel,"Chat en temps réel entre utilisateurs avec WebSockets, indicateurs de frappe et statut en ligne","Ajouter la fonctionnalité : Système de messagerie en temps réel Chat en temps réel entre utilisateurs avec WebSockets, indicateurs de frappe et statut en ligne",39.8
Module de reporting avancé avec export multi-format,"Génération de rapports complexes avec agrégations, filtres dynamiques et export PDF/Excel","Module de reporting avancé avec export multi-format Génération de rapports complexes avec agrégations, filtres dynamiques et export PDF/Excel",32.4
Ajouter la fonctionnalité : Intégration webhook multi-services,Système d'événements sortants vers plusieurs services externes avec retry automatique,Ajouter la fonctionnalité : Intégration webhook multi-services Système d'événements sortants vers plusieurs services externes avec retry automatique,30.9
Créer Export CSV simple,Bouton pour exporter une liste en fichier CSV basique,Créer Export CSV simple Bouton pour exporter une liste en fichier CSV basique,5.2
Mettre en place Système de messagerie en temps réel,"Chat en temps réel entre utilisateurs avec WebSockets, indicateurs de frappe et statut en ligne","Mettre en place Système de messagerie en temps réel Chat en temps réel entre utilisateurs avec WebSockets, indicateurs de frappe et statut en ligne",40.7
Ajouter la fonctionnalité : Page à propos statique,Page HTML statique avec texte de présentation de l'entreprise,Ajouter la fonctionnalité : Page à propos statique Page HTML statique avec texte de présentation de l'entreprise,1.9
Développer : Système de notifications,Notifications en base de données affichées dans une cloche avec compteur non lus,Développer : Système de notifications Notifications en base de données affichées dans une cloche avec compteur non lus,18.7
Gestion des fichiers joints,"Permettre l'ajout de plusieurs fichiers (pdf, image) à une tâche avec prévisualisation","Gestion des fichiers joints Permettre l'ajout de plusieurs fichiers (pdf, image) à une tâche avec prévisualisation",16.6
Créer Système de commentaires avec modération,Commentaires avec système de signalement et validation par un admin,Créer Système de commentaires avec modération Commentaires avec système de signalement et validation par un admin,19.0
Moteur de scoring prédictif client,Modèle prédictif qui score les clients selon leur probabilité de conversion,Moteur de scoring prédictif client Modèle prédictif qui score les clients selon leur probabilité de conversion,49.6
Créer Système de cache distribué,Mise en place de Redis pour la mise en cache distribuée sur plusieurs instances serveur,Créer Système de cache distribué Mise en place de Redis pour la mise en cache distribuée sur plusieurs instances serveur,25.7
Développer : Upload et gestion d'images,Permettre l'upload d'images avec redimensionnement et stockage sécurisé,Développer : Upload et gestion d'images Permettre l'upload d'images avec redimensionnement et stockage sécurisé,14.5
Mettre en place Système d'authentification à deux facteurs,Ajout de la 2FA par SMS ou application d'authentification avec gestion de la récupération,Mettre en place Système d'authentification à deux facteurs Ajout de la 2FA par SMS ou application d'authentification avec gestion de la récupération,31.2
Ajouter la fonctionnalité : Système de recommandation de produits,Moteur de recommandation basé sur l'historique d'achat et le comportement de l'utilisateur,Ajouter la fonctionnalité : Système de recommandation de produits Moteur de recommandation basé sur l'historique d'achat et le comportement de l'utilisateur,54.8
Créer Système de vidéoconférence intégrée,Appels vidéo entre utilisateurs directement dans l'application avec partage d'écran,Créer Système de vidéoconférence intégrée Appels vidéo entre utilisateurs directement dans l'application avec partage d'écran,63.1
Créer Ajout d'un menu de navigation,Menu responsive avec liens vers les pages principales,Créer Ajout d'un menu de navigation Menu responsive avec liens vers les pages principales,4.6
Mettre en place Ajout d'un système de favoris,Bouton pour ajouter/retirer un élément des favoris de l'utilisateur,Mettre en place Ajout d'un système de favoris Bouton pour ajouter/retirer un élément des favoris de l'utilisateur,5.6
Développer : Système de rôles et permissions,"Gestion de rôles (admin, manager, user) avec permissions différenciées par page","Développer : Système de rôles et permissions Gestion de rôles (admin, manager, user) avec permissions différenciées par page",20.5
Développer : Page à propos statique,Page HTML statique avec texte de présentation de l'entreprise,Développer : Page à propos statique Page HTML statique avec texte de présentation de l'entreprise,2.0
Système de traduction automatique intégré,Traduction en temps réel du contenu de l'application dans plusieurs langues via un modèle NLP,Système de traduction automatique intégré Traduction en temps réel du contenu de l'application dans plusieurs langues via un modèle NLP,53.8
Mettre en place Page 404 personnalisée,Page d'erreur personnalisée avec redirection vers l'accueil,Mettre en place Page 404 personnalisée Page d'erreur personnalisée avec redirection vers l'accueil,1.8
Intégration paiement en ligne,"Ajouter Stripe pour permettre aux clients de payer leurs commandes, avec gestion des erreurs et webhook de confirmation","Intégration paiement en ligne Ajouter Stripe pour permettre aux clients de payer leurs commandes, avec gestion des erreurs et webhook de confirmation",35.4
Mettre en place Système de tags et étiquettes,Ajout d'un système de tags réutilisables sur plusieurs entités,Mettre en place Système de tags et étiquettes Ajout d'un système de tags réutilisables sur plusieurs entités,12.3
Créer Système de validation en plusieurs étapes,"Workflow d'approbation à plusieurs niveaux (soumission, revue, validation finale)","Créer Système de validation en plusieurs étapes Workflow d'approbation à plusieurs niveaux (soumission, revue, validation finale)",20.7
Développer : Système de reconnaissance d'image,Intégration d'un modèle de vision par ordinateur pour classifier des images uploadées,Développer : Système de reconnaissance d'image Intégration d'un modèle de vision par ordinateur pour classifier des images uploadées,56.6
Ajouter la fonctionnalité : Intégration API de paiement multiple,"Support de plusieurs passerelles de paiement (Stripe, PayPal, virement) avec réconciliation","Ajouter la fonctionnalité : Intégration API de paiement multiple Support de plusieurs passerelles de paiement (Stripe, PayPal, virement) avec réconciliation",47.9
Ajouter la fonctionnalité : Créer formulaire de contact,"Ajouter un formulaire simple avec nom, email et message, envoyé par mail","Ajouter la fonctionnalité : Créer formulaire de contact Ajouter un formulaire simple avec nom, email et message, envoyé par mail",6.3
Mettre en place Plateforme temps réel multi-tenant à grande échelle,Architecture supportant plusieurs organisations simultanément avec isolation des données et scalabilité,Mettre en place Plateforme temps réel multi-tenant à grande échelle Architecture supportant plusieurs organisations simultanément avec isolation des données et scalabilité,70.8
Développer : Ajouter bouton de suppression,Bouton pour supprimer un élément avec une confirmation basique,Développer : Ajouter bouton de suppression Bouton pour supprimer un élément avec une confirmation basique,3.2
Créer Ajout d'un menu de navigation,Menu responsive avec liens vers les pages principales,Créer Ajout d'un menu de navigation Menu responsive avec liens vers les pages principales,4.5
Système de recherche full-text avec Elasticsearch,Intégration d'un moteur de recherche performant avec indexation et pertinence des résultats,Système de recherche full-text avec Elasticsearch Intégration d'un moteur de recherche performant avec indexation et pertinence des résultats,34.1
Créer Afficher liste des utilisateurs,Page qui affiche la liste des utilisateurs avec pagination simple,Créer Afficher liste des utilisateurs Page qui affiche la liste des utilisateurs avec pagination simple,5.0
Mettre en place Recherche avancée avec filtres multiples,"Recherche avec plusieurs filtres combinés (date, catégorie, statut, prix)","Mettre en place Recherche avancée avec filtres multiples Recherche avec plusieurs filtres combinés (date, catégorie, statut, prix)",13.8
Créer Historique des actions utilisateur,Journal (log) qui trace les actions importantes effectuées par chaque utilisateur,Créer Historique des actions utilisateur Journal (log) qui trace les actions importantes effectuées par chaque utilisateur,15.6
Ajouter la fonctionnalité : Système de sécurité avec détection d'anomalies,Surveillance en temps réel du système avec détection d'anomalies via machine learning,Ajouter la fonctionnalité : Système de sécurité avec détection d'anomalies Surveillance en temps réel du système avec détection d'anomalies via machine learning,64.1
Créer Système de messagerie en temps réel,"Chat en temps réel entre utilisateurs avec WebSockets, indicateurs de frappe et statut en ligne","Créer Système de messagerie en temps réel Chat en temps réel entre utilisateurs avec WebSockets, indicateurs de frappe et statut en ligne",38.7
Page à propos statique,Page HTML statique avec texte de présentation de l'entreprise,Page à propos statique Page HTML statique avec texte de présentation de l'entreprise,2.0
Créer formulaire de contact,"Ajouter un formulaire simple avec nom, email et message, envoyé par mail","Créer formulaire de contact Ajouter un formulaire simple avec nom, email et message, envoyé par mail",5.5
Plateforme temps réel multi-tenant à grande échelle,Architecture supportant plusieurs organisations simultanément avec isolation des données et scalabilité,Plateforme temps réel multi-tenant à grande échelle Architecture supportant plusieurs organisations simultanément avec isolation des données et scalabilité,62.8
Ajouter la fonctionnalité : Moteur de scoring prédictif client,Modèle prédictif qui score les clients selon leur probabilité de conversion,Ajouter la fonctionnalité : Moteur de scoring prédictif client Modèle prédictif qui score les clients selon leur probabilité de conversion,60.8
Ajouter la fonctionnalité : Calendrier des événements,Calendrier interactif affichant les événements avec vue mois/semaine,Ajouter la fonctionnalité : Calendrier des événements Calendrier interactif affichant les événements avec vue mois/semaine,17.7
Créer Système de rôles et permissions,"Gestion de rôles (admin, manager, user) avec permissions différenciées par page","Créer Système de rôles et permissions Gestion de rôles (admin, manager, user) avec permissions différenciées par page",19.2
Module de reporting avancé avec export multi-format,"Génération de rapports complexes avec agrégations, filtres dynamiques et export PDF/Excel","Module de reporting avancé avec export multi-format Génération de rapports complexes avec agrégations, filtres dynamiques et export PDF/Excel",38.0
Développer : Estimation automatique de l'effort par IA,Modèle de machine learning qui prédit l'effort nécessaire à partir de la description d'une tâche,Développer : Estimation automatique de l'effort par IA Modèle de machine learning qui prédit l'effort nécessaire à partir de la description d'une tâche,51.8
Créer Module d'analyse prédictive,Tableau de bord utilisant un modèle prédictif pour anticiper des tendances métier,Créer Module d'analyse prédictive Tableau de bord utilisant un modèle prédictif pour anticiper des tendances métier,49.0
Créer Système de recommandation de produits,Moteur de recommandation basé sur l'historique d'achat et le comportement de l'utilisateur,Créer Système de recommandation de produits Moteur de recommandation basé sur l'historique d'achat et le comportement de l'utilisateur,49.3
Ajouter la fonctionnalité : Créer table des catégories,"CRUD basique pour gérer des catégories (ajout, édition, suppression)","Ajouter la fonctionnalité : Créer table des catégories CRUD basique pour gérer des catégories (ajout, édition, suppression)",8.0
Développer : Système de validation en plusieurs étapes,"Workflow d'approbation à plusieurs niveaux (soumission, revue, validation finale)","Développer : Système de validation en plusieurs étapes Workflow d'approbation à plusieurs niveaux (soumission, revue, validation finale)",20.0
Ajouter la fonctionnalité : Page de contact avec carte,Formulaire de contact avec une carte Google Maps intégrée,Ajouter la fonctionnalité : Page de contact avec carte Formulaire de contact avec une carte Google Maps intégrée,6.1
Développer : Intelligence artificielle de détection de fraude,Modèle de machine learning pour détecter les transactions frauduleuses en temps réel,Développer : Intelligence artificielle de détection de fraude Modèle de machine learning pour détecter les transactions frauduleuses en temps réel,55.4
Créer Système d'authentification à deux facteurs,Ajout de la 2FA par SMS ou application d'authentification avec gestion de la récupération,Créer Système d'authentification à deux facteurs Ajout de la 2FA par SMS ou application d'authentification avec gestion de la récupération,26.5
Créer Dashboard avec statistiques,Tableau de bord affichant des graphiques et indicateurs clés à partir de la base de données,Créer Dashboard avec statistiques Tableau de bord affichant des graphiques et indicateurs clés à partir de la base de données,20.6
Recherche avancée avec filtres multiples,"Recherche avec plusieurs filtres combinés (date, catégorie, statut, prix)","Recherche avancée avec filtres multiples Recherche avec plusieurs filtres combinés (date, catégorie, statut, prix)",16.3
Système de géolocalisation en temps réel,Suivi de position en temps réel sur une carte avec historique des trajets,Système de géolocalisation en temps réel Suivi de position en temps réel sur une carte avec historique des trajets,44.3
Recherche avancée avec filtres multiples,"Recherche avec plusieurs filtres combinés (date, catégorie, statut, prix)","Recherche avancée avec filtres multiples Recherche avec plusieurs filtres combinés (date, catégorie, statut, prix)",15.0
Page à propos statique,Page HTML statique avec texte de présentation de l'entreprise,Page à propos statique Page HTML statique avec texte de présentation de l'entreprise,2.3
Intégration API de paiement multiple,"Support de plusieurs passerelles de paiement (Stripe, PayPal, virement) avec réconciliation","Intégration API de paiement multiple Support de plusieurs passerelles de paiement (Stripe, PayPal, virement) avec réconciliation",36.6
Créer Système de recommandation basé sur le deep learning,Moteur de recommandation utilisant un réseau de neurones entraîné sur les données utilisateurs,Créer Système de recommandation basé sur le deep learning Moteur de recommandation utilisant un réseau de neurones entraîné sur les données utilisateurs,54.1
Système de recommandation basé sur le deep learning,Moteur de recommandation utilisant un réseau de neurones entraîné sur les données utilisateurs,Système de recommandation basé sur le deep learning Moteur de recommandation utilisant un réseau de neurones entraîné sur les données utilisateurs,58.4
Ajouter la fonctionnalité : Affichage des commentaires,"Liste des commentaires sous un article, sans modération","Ajouter la fonctionnalité : Affichage des commentaires Liste des commentaires sous un article, sans modération",4.6
Créer Système de vidéoconférence intégrée,Appels vidéo entre utilisateurs directement dans l'application avec partage d'écran,Créer Système de vidéoconférence intégrée Appels vidéo entre utilisateurs directement dans l'application avec partage d'écran,51.2
Créer Historique des actions utilisateur,Journal (log) qui trace les actions importantes effectuées par chaque utilisateur,Créer Historique des actions utilisateur Journal (log) qui trace les actions importantes effectuées par chaque utilisateur,13.1
Historique des actions utilisateur,Journal (log) qui trace les actions importantes effectuées par chaque utilisateur,Historique des actions utilisateur Journal (log) qui trace les actions importantes effectuées par chaque utilisateur,14.0
Mettre en place Intégration d'un système de tags dynamiques,Auto-complétion de tags existants lors de la saisie,Mettre en place Intégration d'un système de tags dynamiques Auto-complétion de tags existants lors de la saisie,10.0
Développer : Architecture microservices pour module critique,Refonte d'un module en microservice indépendant avec communication asynchrone,Développer : Architecture microservices pour module critique Refonte d'un module en microservice indépendant avec communication asynchrone,46.4
Mettre en place Intégration paiement en ligne,"Ajouter Stripe pour permettre aux clients de payer leurs commandes, avec gestion des erreurs et webhook de confirmation","Mettre en place Intégration paiement en ligne Ajouter Stripe pour permettre aux clients de payer leurs commandes, avec gestion des erreurs et webhook de confirmation",42.4
Dashboard avec statistiques,Tableau de bord affichant des graphiques et indicateurs clés à partir de la base de données,Dashboard avec statistiques Tableau de bord affichant des graphiques et indicateurs clés à partir de la base de données,23.0
Développer : Page à propos statique,Page HTML statique avec texte de présentation de l'entreprise,Développer : Page à propos statique Page HTML statique avec texte de présentation de l'entreprise,2.3
Développer : Export CSV simple,Bouton pour exporter une liste en fichier CSV basique,Développer : Export CSV simple Bouton pour exporter une liste en fichier CSV basique,4.7
Créer Architecture microservices pour module critique,Refonte d'un module en microservice indépendant avec communication asynchrone,Créer Architecture microservices pour module critique Refonte d'un module en microservice indépendant avec communication asynchrone,47.1
Créer Page à propos statique,Page HTML statique avec texte de présentation de l'entreprise,Créer Page à propos statique Page HTML statique avec texte de présentation de l'entreprise,1.9
Créer Afficher liste des utilisateurs,Page qui affiche la liste des utilisateurs avec pagination simple,Créer Afficher liste des utilisateurs Page qui affiche la liste des utilisateurs avec pagination simple,5.0
Développer : Authentification utilisateur,Système de login et inscription avec validation email et hashage du mot de passe,Développer : Authentification utilisateur Système de login et inscription avec validation email et hashage du mot de passe,14.5
Mettre en place Plateforme temps réel multi-tenant à grande échelle,Architecture supportant plusieurs organisations simultanément avec isolation des données et scalabilité,Mettre en place Plateforme temps réel multi-tenant à grande échelle Architecture supportant plusieurs organisations simultanément avec isolation des données et scalabilité,63.2
Ajouter la fonctionnalité : Système de messagerie en temps réel,"Chat en temps réel entre utilisateurs avec WebSockets, indicateurs de frappe et statut en ligne","Ajouter la fonctionnalité : Système de messagerie en temps réel Chat en temps réel entre utilisateurs avec WebSockets, indicateurs de frappe et statut en ligne",51.2
Développer : Intégration webhook multi-services,Système d'événements sortants vers plusieurs services externes avec retry automatique,Développer : Intégration webhook multi-services Système d'événements sortants vers plusieurs services externes avec retry automatique,36.0
Mettre en place Authentification utilisateur,Système de login et inscription avec validation email et hashage du mot de passe,Mettre en place Authentification utilisateur Système de login et inscription avec validation email et hashage du mot de passe,14.7
Ajouter la fonctionnalité : Système de géolocalisation en temps réel,Suivi de position en temps réel sur une carte avec historique des trajets,Ajouter la fonctionnalité : Système de géolocalisation en temps réel Suivi de position en temps réel sur une carte avec historique des trajets,41.5
Chatbot intelligent avec NLP,Assistant conversationnel utilisant le traitement du langage naturel pour répondre aux questions clients,Chatbot intelligent avec NLP Assistant conversationnel utilisant le traitement du langage naturel pour répondre aux questions clients,57.6
Ajouter la fonctionnalité : Système de sécurité avec détection d'anomalies,Surveillance en temps réel du système avec détection d'anomalies via machine learning,Ajouter la fonctionnalité : Système de sécurité avec détection d'anomalies Surveillance en temps réel du système avec détection d'anomalies via machine learning,62.7
Développer : Estimation automatique de l'effort par IA,Modèle de machine learning qui prédit l'effort nécessaire à partir de la description d'une tâche,Développer : Estimation automatique de l'effort par IA Modèle de machine learning qui prédit l'effort nécessaire à partir de la description d'une tâche,52.0
Système de commentaires avec modération,Commentaires avec système de signalement et validation par un admin,Système de commentaires avec modération Commentaires avec système de signalement et validation par un admin,17.9
Ajouter la fonctionnalité : Système de validation en plusieurs étapes,"Workflow d'approbation à plusieurs niveaux (soumission, revue, validation finale)","Ajouter la fonctionnalité : Système de validation en plusieurs étapes Workflow d'approbation à plusieurs niveaux (soumission, revue, validation finale)",21.7
Créer Architecture microservices pour module critique,Refonte d'un module en microservice indépendant avec communication asynchrone,Créer Architecture microservices pour module critique Refonte d'un module en microservice indépendant avec communication asynchrone,43.6
Créer Ajout d'un menu de navigation,Menu responsive avec liens vers les pages principales,Créer Ajout d'un menu de navigation Menu responsive avec liens vers les pages principales,3.9
Architecture microservices pour module critique,Refonte d'un module en microservice indépendant avec communication asynchrone,Architecture microservices pour module critique Refonte d'un module en microservice indépendant avec communication asynchrone,52.1
Mettre en place Gestion des fichiers joints,"Permettre l'ajout de plusieurs fichiers (pdf, image) à une tâche avec prévisualisation","Mettre en place Gestion des fichiers joints Permettre l'ajout de plusieurs fichiers (pdf, image) à une tâche avec prévisualisation",14.3
Ajouter la fonctionnalité : Dashboard avec statistiques,Tableau de bord affichant des graphiques et indicateurs clés à partir de la base de données,Ajouter la fonctionnalité : Dashboard avec statistiques Tableau de bord affichant des graphiques et indicateurs clés à partir de la base de données,19.3
Mettre en place Plateforme temps réel multi-tenant à grande échelle,Architecture supportant plusieurs organisations simultanément avec isolation des données et scalabilité,Mettre en place Plateforme temps réel multi-tenant à grande échelle Architecture supportant plusieurs organisations simultanément avec isolation des données et scalabilité,72.9
Développer : Calendrier des événements,Calendrier interactif affichant les événements avec vue mois/semaine,Développer : Calendrier des événements Calendrier interactif affichant les événements avec vue mois/semaine,15.7
Créer Upload et gestion d'images,Permettre l'upload d'images avec redimensionnement et stockage sécurisé,Créer Upload et gestion d'images Permettre l'upload d'images avec redimensionnement et stockage sécurisé,13.9
Créer Upload et gestion d'images,Permettre l'upload d'images avec redimensionnement et stockage sécurisé,Créer Upload et gestion d'images Permettre l'upload d'images avec redimensionnement et stockage sécurisé,13.9
Mettre en place Module de reporting avancé avec export multi-format,"Génération de rapports complexes avec agrégations, filtres dynamiques et export PDF/Excel","Mettre en place Module de reporting avancé avec export multi-format Génération de rapports complexes avec agrégations, filtres dynamiques et export PDF/Excel",32.4
Système de recherche full-text avec Elasticsearch,Intégration d'un moteur de recherche performant avec indexation et pertinence des résultats,Système de recherche full-text avec Elasticsearch Intégration d'un moteur de recherche performant avec indexation et pertinence des résultats,35.6
Ajouter la fonctionnalité : Système de reconnaissance d'image,Intégration d'un modèle de vision par ordinateur pour classifier des images uploadées,Ajouter la fonctionnalité : Système de reconnaissance d'image Intégration d'un modèle de vision par ordinateur pour classifier des images uploadées,55.2
Développer : Intelligence artificielle de détection de fraude,Modèle de machine learning pour détecter les transactions frauduleuses en temps réel,Développer : Intelligence artificielle de détection de fraude Modèle de machine learning pour détecter les transactions frauduleuses en temps réel,54.1
Ajouter la fonctionnalité : Changer le mot de passe,Formulaire simple de changement de mot de passe avec validation basique,Ajouter la fonctionnalité : Changer le mot de passe Formulaire simple de changement de mot de passe avec validation basique,4.7
Liste des produits avec filtres simples,Affichage produits avec filtre par catégorie uniquement,Liste des produits avec filtres simples Affichage produits avec filtre par catégorie uniquement,7.8
Créer Système de sécurité avec détection d'anomalies,Surveillance en temps réel du système avec détection d'anomalies via machine learning,Créer Système de sécurité avec détection d'anomalies Surveillance en temps réel du système avec détection d'anomalies via machine learning,56.6
Mettre en place Gestion des fichiers joints,"Permettre l'ajout de plusieurs fichiers (pdf, image) à une tâche avec prévisualisation","Mettre en place Gestion des fichiers joints Permettre l'ajout de plusieurs fichiers (pdf, image) à une tâche avec prévisualisation",14.3
Créer Système de vidéoconférence intégrée,Appels vidéo entre utilisateurs directement dans l'application avec partage d'écran,Créer Système de vidéoconférence intégrée Appels vidéo entre utilisateurs directement dans l'application avec partage d'écran,61.3
Développer : Créer formulaire de contact,"Ajouter un formulaire simple avec nom, email et message, envoyé par mail","Développer : Créer formulaire de contact Ajouter un formulaire simple avec nom, email et message, envoyé par mail",6.8
Créer Synchronisation temps réel multi-utilisateurs,Édition collaborative en temps réel avec gestion des conflits entre plusieurs utilisateurs,Créer Synchronisation temps réel multi-utilisateurs Édition collaborative en temps réel avec gestion des conflits entre plusieurs utilisateurs,44.1
Affichage des commentaires,"Liste des commentaires sous un article, sans modération","Affichage des commentaires Liste des commentaires sous un article, sans modération",4.7
Développer : Gestion des fichiers joints,"Permettre l'ajout de plusieurs fichiers (pdf, image) à une tâche avec prévisualisation","Développer : Gestion des fichiers joints Permettre l'ajout de plusieurs fichiers (pdf, image) à une tâche avec prévisualisation",16.5
Créer Module de facturation automatique récurrente,Génération automatique de factures récurrentes avec gestion des abonnements et relances,Créer Module de facturation automatique récurrente Génération automatique de factures récurrentes avec gestion des abonnements et relances,41.0
Développer : Créer table des catégories,"CRUD basique pour gérer des catégories (ajout, édition, suppression)","Développer : Créer table des catégories CRUD basique pour gérer des catégories (ajout, édition, suppression)",8.7
Ajouter la fonctionnalité : Système de messagerie en temps réel,"Chat en temps réel entre utilisateurs avec WebSockets, indicateurs de frappe et statut en ligne","Ajouter la fonctionnalité : Système de messagerie en temps réel Chat en temps réel entre utilisateurs avec WebSockets, indicateurs de frappe et statut en ligne",51.7
Ajouter la fonctionnalité : Export PDF de rapport,Génération de rapports PDF dynamiques avec mise en page personnalisée,Ajouter la fonctionnalité : Export PDF de rapport Génération de rapports PDF dynamiques avec mise en page personnalisée,13.4
Ajout d'un menu de navigation,Menu responsive avec liens vers les pages principales,Ajout d'un menu de navigation Menu responsive avec liens vers les pages principales,4.5
Ajouter la fonctionnalité : Architecture microservices pour module critique,Refonte d'un module en microservice indépendant avec communication asynchrone,Ajouter la fonctionnalité : Architecture microservices pour module critique Refonte d'un module en microservice indépendant avec communication asynchrone,44.6
Ajouter la fonctionnalité : Intégration API de paiement multiple,"Support de plusieurs passerelles de paiement (Stripe, PayPal, virement) avec réconciliation","Ajouter la fonctionnalité : Intégration API de paiement multiple Support de plusieurs passerelles de paiement (Stripe, PayPal, virement) avec réconciliation",46.6
Développer : Système de vidéoconférence intégrée,Appels vidéo entre utilisateurs directement dans l'application avec partage d'écran,Développer : Système de vidéoconférence intégrée Appels vidéo entre utilisateurs directement dans l'application avec partage d'écran,55.6
Créer Moteur de scoring prédictif client,Modèle prédictif qui score les clients selon leur probabilité de conversion,Créer Moteur de scoring prédictif client Modèle prédictif qui score les clients selon leur probabilité de conversion,57.3
Ajouter la fonctionnalité : Architecture microservices pour module critique,Refonte d'un module en microservice indépendant avec communication asynchrone,Ajouter la fonctionnalité : Architecture microservices pour module critique Refonte d'un module en microservice indépendant avec communication asynchrone,40.8
Ajouter la fonctionnalité : Module de reporting avancé avec export multi-format,"Génération de rapports complexes avec agrégations, filtres dynamiques et export PDF/Excel","Ajouter la fonctionnalité : Module de reporting avancé avec export multi-format Génération de rapports complexes avec agrégations, filtres dynamiques et export PDF/Excel",42.2
Mettre en place Créer formulaire de contact,"Ajouter un formulaire simple avec nom, email et message, envoyé par mail","Mettre en place Créer formulaire de contact Ajouter un formulaire simple avec nom, email et message, envoyé par mail",5.9
Système de rôles et permissions,"Gestion de rôles (admin, manager, user) avec permissions différenciées par page","Système de rôles et permissions Gestion de rôles (admin, manager, user) avec permissions différenciées par page",22.0
Module de facturation automatique récurrente,Génération automatique de factures récurrentes avec gestion des abonnements et relances,Module de facturation automatique récurrente Génération automatique de factures récurrentes avec gestion des abonnements et relances,35.4
Mettre en place Dashboard avec statistiques,Tableau de bord affichant des graphiques et indicateurs clés à partir de la base de données,Mettre en place Dashboard avec statistiques Tableau de bord affichant des graphiques et indicateurs clés à partir de la base de données,21.6
Ajouter la fonctionnalité : Système de géolocalisation en temps réel,Suivi de position en temps réel sur une carte avec historique des trajets,Ajouter la fonctionnalité : Système de géolocalisation en temps réel Suivi de position en temps réel sur une carte avec historique des trajets,37.2
Développer : Export CSV simple,Bouton pour exporter une liste en fichier CSV basique,Développer : Export CSV simple Bouton pour exporter une liste en fichier CSV basique,5.6
Ajouter la fonctionnalité : Ajouter bouton de suppression,Bouton pour supprimer un élément avec une confirmation basique,Ajouter la fonctionnalité : Ajouter bouton de suppression Bouton pour supprimer un élément avec une confirmation basique,2.7
Mettre en place Recherche avancée avec filtres multiples,"Recherche avec plusieurs filtres combinés (date, catégorie, statut, prix)","Mettre en place Recherche avancée avec filtres multiples Recherche avec plusieurs filtres combinés (date, catégorie, statut, prix)",16.0
Estimation automatique de l'effort par IA,Modèle de machine learning qui prédit l'effort nécessaire à partir de la description d'une tâche,Estimation automatique de l'effort par IA Modèle de machine learning qui prédit l'effort nécessaire à partir de la description d'une tâche,46.4
Mettre en place Système de messagerie en temps réel,"Chat en temps réel entre utilisateurs avec WebSockets, indicateurs de frappe et statut en ligne","Mettre en place Système de messagerie en temps réel Chat en temps réel entre utilisateurs avec WebSockets, indicateurs de frappe et statut en ligne",39.2
Dashboard avec statistiques,Tableau de bord affichant des graphiques et indicateurs clés à partir de la base de données,Dashboard avec statistiques Tableau de bord affichant des graphiques et indicateurs clés à partir de la base de données,20.0
Mettre en place Système de géolocalisation en temps réel,Suivi de position en temps réel sur une carte avec historique des trajets,Mettre en place Système de géolocalisation en temps réel Suivi de position en temps réel sur une carte avec historique des trajets,44.8
Mettre en place Système de traduction automatique intégré,Traduction en temps réel du contenu de l'application dans plusieurs langues via un modèle NLP,Mettre en place Système de traduction automatique intégré Traduction en temps réel du contenu de l'application dans plusieurs langues via un modèle NLP,50.1
Intégration webhook multi-services,Système d'événements sortants vers plusieurs services externes avec retry automatique,Intégration webhook multi-services Système d'événements sortants vers plusieurs services externes avec retry automatique,29.2
Ajouter la fonctionnalité : Ajouter bouton de suppression,Bouton pour supprimer un élément avec une confirmation basique,Ajouter la fonctionnalité : Ajouter bouton de suppression Bouton pour supprimer un élément avec une confirmation basique,3.2
Ajouter la fonctionnalité : Système de traduction automatique intégré,Traduction en temps réel du contenu de l'application dans plusieurs langues via un modèle NLP,Ajouter la fonctionnalité : Système de traduction automatique intégré Traduction en temps réel du contenu de l'application dans plusieurs langues via un modèle NLP,53.4
Export PDF de rapport,Génération de rapports PDF dynamiques avec mise en page personnalisée,Export PDF de rapport Génération de rapports PDF dynamiques avec mise en page personnalisée,14.5
Mettre en place Export PDF de rapport,Génération de rapports PDF dynamiques avec mise en page personnalisée,Mettre en place Export PDF de rapport Génération de rapports PDF dynamiques avec mise en page personnalisée,13.3
Mettre en place Système de traduction automatique intégré,Traduction en temps réel du contenu de l'application dans plusieurs langues via un modèle NLP,Mettre en place Système de traduction automatique intégré Traduction en temps réel du contenu de l'application dans plusieurs langues via un modèle NLP,54.5
Mettre en place Modifier le profil utilisateur,"Formulaire pour éditer nom, email et photo de profil","Mettre en place Modifier le profil utilisateur Formulaire pour éditer nom, email et photo de profil",7.0
Mettre en place Chatbot intelligent avec NLP,Assistant conversationnel utilisant le traitement du langage naturel pour répondre aux questions clients,Mettre en place Chatbot intelligent avec NLP Assistant conversationnel utilisant le traitement du langage naturel pour répondre aux questions clients,55.9
Upload et gestion d'images,Permettre l'upload d'images avec redimensionnement et stockage sécurisé,Upload et gestion d'images Permettre l'upload d'images avec redimensionnement et stockage sécurisé,14.0
Développer : Page à propos statique,Page HTML statique avec texte de présentation de l'entreprise,Développer : Page à propos statique Page HTML statique avec texte de présentation de l'entreprise,2.0
Synchronisation temps réel multi-utilisateurs,Édition collaborative en temps réel avec gestion des conflits entre plusieurs utilisateurs,Synchronisation temps réel multi-utilisateurs Édition collaborative en temps réel avec gestion des conflits entre plusieurs utilisateurs,55.1
Mettre en place Intégration paiement en ligne,"Ajouter Stripe pour permettre aux clients de payer leurs commandes, avec gestion des erreurs et webhook de confirmation","Mettre en place Intégration paiement en ligne Ajouter Stripe pour permettre aux clients de payer leurs commandes, avec gestion des erreurs et webhook de confirmation",40.4
Créer Changer le mot de passe,Formulaire simple de changement de mot de passe avec validation basique,Créer Changer le mot de passe Formulaire simple de changement de mot de passe avec validation basique,4.3
Créer Module d'analyse prédictive,Tableau de bord utilisant un modèle prédictif pour anticiper des tendances métier,Créer Module d'analyse prédictive Tableau de bord utilisant un modèle prédictif pour anticiper des tendances métier,39.1
Ajouter la fonctionnalité : Gestion des fichiers joints,"Permettre l'ajout de plusieurs fichiers (pdf, image) à une tâche avec prévisualisation","Ajouter la fonctionnalité : Gestion des fichiers joints Permettre l'ajout de plusieurs fichiers (pdf, image) à une tâche avec prévisualisation",15.6
Mettre en place Export PDF de rapport,Génération de rapports PDF dynamiques avec mise en page personnalisée,Mettre en place Export PDF de rapport Génération de rapports PDF dynamiques avec mise en page personnalisée,14.0
Moteur de scoring prédictif client,Modèle prédictif qui score les clients selon leur probabilité de conversion,Moteur de scoring prédictif client Modèle prédictif qui score les clients selon leur probabilité de conversion,49.9
Mettre en place Export CSV simple,Bouton pour exporter une liste en fichier CSV basique,Mettre en place Export CSV simple Bouton pour exporter une liste en fichier CSV basique,5.6
Développer : Intégration API de paiement multiple,"Support de plusieurs passerelles de paiement (Stripe, PayPal, virement) avec réconciliation","Développer : Intégration API de paiement multiple Support de plusieurs passerelles de paiement (Stripe, PayPal, virement) avec réconciliation",38.5
Mettre en place Ajouter un champ de recherche,Barre de recherche simple qui filtre une liste côté client,Mettre en place Ajouter un champ de recherche Barre de recherche simple qui filtre une liste côté client,4.1
Système de notifications,Notifications en base de données affichées dans une cloche avec compteur non lus,Système de notifications Notifications en base de données affichées dans une cloche avec compteur non lus,16.3
Système de recommandation de produits,Moteur de recommandation basé sur l'historique d'achat et le comportement de l'utilisateur,Système de recommandation de produits Moteur de recommandation basé sur l'historique d'achat et le comportement de l'utilisateur,51.8
Développer : Changer le mot de passe,Formulaire simple de changement de mot de passe avec validation basique,Développer : Changer le mot de passe Formulaire simple de changement de mot de passe avec validation basique,5.3
Mettre en place Upload et gestion d'images,Permettre l'upload d'images avec redimensionnement et stockage sécurisé,Mettre en place Upload et gestion d'images Permettre l'upload d'images avec redimensionnement et stockage sécurisé,15.2
Mettre en place Module de reporting avancé avec export multi-format,"Génération de rapports complexes avec agrégations, filtres dynamiques et export PDF/Excel","Mettre en place Module de reporting avancé avec export multi-format Génération de rapports complexes avec agrégations, filtres dynamiques et export PDF/Excel",32.7
Créer Système d'authentification à deux facteurs,Ajout de la 2FA par SMS ou application d'authentification avec gestion de la récupération,Créer Système d'authentification à deux facteurs Ajout de la 2FA par SMS ou application d'authentification avec gestion de la récupération,27.5
Module de facturation automatique récurrente,Génération automatique de factures récurrentes avec gestion des abonnements et relances,Module de facturation automatique récurrente Génération automatique de factures récurrentes avec gestion des abonnements et relances,36.0
Créer Upload et gestion d'images,Permettre l'upload d'images avec redimensionnement et stockage sécurisé,Créer Upload et gestion d'images Permettre l'upload d'images avec redimensionnement et stockage sécurisé,14.4
Développer : Système de recommandation de produits,Moteur de recommandation basé sur l'historique d'achat et le comportement de l'utilisateur,Développer : Système de recommandation de produits Moteur de recommandation basé sur l'historique d'achat et le comportement de l'utilisateur,45.0
Mettre en place Système de messagerie interne,"Chat simple entre utilisateurs avec historique des messages, sans temps réel","Mettre en place Système de messagerie interne Chat simple entre utilisateurs avec historique des messages, sans temps réel",20.2
Développer : Système de commentaires avec modération,Commentaires avec système de signalement et validation par un admin,Développer : Système de commentaires avec modération Commentaires avec système de signalement et validation par un admin,18.9
Ajouter la fonctionnalité : Système de rôles et permissions,"Gestion de rôles (admin, manager, user) avec permissions différenciées par page","Ajouter la fonctionnalité : Système de rôles et permissions Gestion de rôles (admin, manager, user) avec permissions différenciées par page",19.2
Moteur de scoring prédictif client,Modèle prédictif qui score les clients selon leur probabilité de conversion,Moteur de scoring prédictif client Modèle prédictif qui score les clients selon leur probabilité de conversion,54.0
Développer : Page de contact avec carte,Formulaire de contact avec une carte Google Maps intégrée,Développer : Page de contact avec carte Formulaire de contact avec une carte Google Maps intégrée,6.0
Mettre en place Liste des produits avec filtres simples,Affichage produits avec filtre par catégorie uniquement,Mettre en place Liste des produits avec filtres simples Affichage produits avec filtre par catégorie uniquement,6.6
Développer : Ajouter bouton de suppression,Bouton pour supprimer un élément avec une confirmation basique,Développer : Ajouter bouton de suppression Bouton pour supprimer un élément avec une confirmation basique,3.2
Mettre en place Système de vidéoconférence intégrée,Appels vidéo entre utilisateurs directement dans l'application avec partage d'écran,Mettre en place Système de vidéoconférence intégrée Appels vidéo entre utilisateurs directement dans l'application avec partage d'écran,53.9
Mettre en place Système de reconnaissance d'image,Intégration d'un modèle de vision par ordinateur pour classifier des images uploadées,Mettre en place Système de reconnaissance d'image Intégration d'un modèle de vision par ordinateur pour classifier des images uploadées,60.6
Mettre en place Automatisation complète des tests avec IA,Génération automatique de scénarios de test à partir de l'analyse du code par IA,Mettre en place Automatisation complète des tests avec IA Génération automatique de scénarios de test à partir de l'analyse du code par IA,47.5
Ajouter la fonctionnalité : Intelligence artificielle de détection de fraude,Modèle de machine learning pour détecter les transactions frauduleuses en temps réel,Ajouter la fonctionnalité : Intelligence artificielle de détection de fraude Modèle de machine learning pour détecter les transactions frauduleuses en temps réel,55.4
Créer Système de commentaires avec modération,Commentaires avec système de signalement et validation par un admin,Créer Système de commentaires avec modération Commentaires avec système de signalement et validation par un admin,17.5
Module d'analyse prédictive,Tableau de bord utilisant un modèle prédictif pour anticiper des tendances métier,Module d'analyse prédictive Tableau de bord utilisant un modèle prédictif pour anticiper des tendances métier,49.9
Créer Intégration d'un système de tags dynamiques,Auto-complétion de tags existants lors de la saisie,Créer Intégration d'un système de tags dynamiques Auto-complétion de tags existants lors de la saisie,10.9
Système de messagerie en temps réel,"Chat en temps réel entre utilisateurs avec WebSockets, indicateurs de frappe et statut en ligne","Système de messagerie en temps réel Chat en temps réel entre utilisateurs avec WebSockets, indicateurs de frappe et statut en ligne",46.5
Développer : Ajouter un champ de recherche,Barre de recherche simple qui filtre une liste côté client,Développer : Ajouter un champ de recherche Barre de recherche simple qui filtre une liste côté client,3.6
Modifier le profil utilisateur,"Formulaire pour éditer nom, email et photo de profil","Modifier le profil utilisateur Formulaire pour éditer nom, email et photo de profil",7.4
Ajouter la fonctionnalité : Modifier le profil utilisateur,"Formulaire pour éditer nom, email et photo de profil","Ajouter la fonctionnalité : Modifier le profil utilisateur Formulaire pour éditer nom, email et photo de profil",6.9
Page à propos statique,Page HTML statique avec texte de présentation de l'entreprise,Page à propos statique Page HTML statique avec texte de présentation de l'entreprise,1.8
Mettre en place Système de vidéoconférence intégrée,Appels vidéo entre utilisateurs directement dans l'application avec partage d'écran,Mettre en place Système de vidéoconférence intégrée Appels vidéo entre utilisateurs directement dans l'application avec partage d'écran,54.0
Intégration webhook multi-services,Système d'événements sortants vers plusieurs services externes avec retry automatique,Intégration webhook multi-services Système d'événements sortants vers plusieurs services externes avec retry automatique,32.0
Ajouter la fonctionnalité : Estimation automatique de l'effort par IA,Modèle de machine learning qui prédit l'effort nécessaire à partir de la description d'une tâche,Ajouter la fonctionnalité : Estimation automatique de l'effort par IA Modèle de machine learning qui prédit l'effort nécessaire à partir de la description d'une tâche,54.8
Créer Affichage des commentaires,"Liste des commentaires sous un article, sans modération","Créer Affichage des commentaires Liste des commentaires sous un article, sans modération",5.4
Développer : Export CSV simple,Bouton pour exporter une liste en fichier CSV basique,Développer : Export CSV simple Bouton pour exporter une liste en fichier CSV basique,4.5
Développer : Page 404 personnalisée,Page d'erreur personnalisée avec redirection vers l'accueil,Développer : Page 404 personnalisée Page d'erreur personnalisée avec redirection vers l'accueil,1.9
Automatisation complète des tests avec IA,Génération automatique de scénarios de test à partir de l'analyse du code par IA,Automatisation complète des tests avec IA Génération automatique de scénarios de test à partir de l'analyse du code par IA,48.0
Ajouter la fonctionnalité : Module d'analyse prédictive,Tableau de bord utilisant un modèle prédictif pour anticiper des tendances métier,Ajouter la fonctionnalité : Module d'analyse prédictive Tableau de bord utilisant un modèle prédictif pour anticiper des tendances métier,41.3
Intelligence artificielle de détection de fraude,Modèle de machine learning pour détecter les transactions frauduleuses en temps réel,Intelligence artificielle de détection de fraude Modèle de machine learning pour détecter les transactions frauduleuses en temps réel,60.0
Développer : Recherche avancée avec filtres multiples,"Recherche avec plusieurs filtres combinés (date, catégorie, statut, prix)","Développer : Recherche avancée avec filtres multiples Recherche avec plusieurs filtres combinés (date, catégorie, statut, prix)",13.1
Mettre en place Modifier le profil utilisateur,"Formulaire pour éditer nom, email et photo de profil","Mettre en place Modifier le profil utilisateur Formulaire pour éditer nom, email et photo de profil",7.6
Développer : Module de reporting avancé avec export multi-format,"Génération de rapports complexes avec agrégations, filtres dynamiques et export PDF/Excel","Développer : Module de reporting avancé avec export multi-format Génération de rapports complexes avec agrégations, filtres dynamiques et export PDF/Excel",38.4
Chatbot intelligent avec NLP,Assistant conversationnel utilisant le traitement du langage naturel pour répondre aux questions clients,Chatbot intelligent avec NLP Assistant conversationnel utilisant le traitement du langage naturel pour répondre aux questions clients,56.8
Page de contact avec carte,Formulaire de contact avec une carte Google Maps intégrée,Page de contact avec carte Formulaire de contact avec une carte Google Maps intégrée,6.0
Créer Ajouter un champ de recherche,Barre de recherche simple qui filtre une liste côté client,Créer Ajouter un champ de recherche Barre de recherche simple qui filtre une liste côté client,3.7
Page 404 personnalisée,Page d'erreur personnalisée avec redirection vers l'accueil,Page 404 personnalisée Page d'erreur personnalisée avec redirection vers l'accueil,2.1
Développer : Créer table des catégories,"CRUD basique pour gérer des catégories (ajout, édition, suppression)","Développer : Créer table des catégories CRUD basique pour gérer des catégories (ajout, édition, suppression)",8.7
Mettre en place Estimation automatique de l'effort par IA,Modèle de machine learning qui prédit l'effort nécessaire à partir de la description d'une tâche,Mettre en place Estimation automatique de l'effort par IA Modèle de machine learning qui prédit l'effort nécessaire à partir de la description d'une tâche,47.4
Créer Système de vidéoconférence intégrée,Appels vidéo entre utilisateurs directement dans l'application avec partage d'écran,Créer Système de vidéoconférence intégrée Appels vidéo entre utilisateurs directement dans l'application avec partage d'écran,51.7
Système de tags et étiquettes,Ajout d'un système de tags réutilisables sur plusieurs entités,Système de tags et étiquettes Ajout d'un système de tags réutilisables sur plusieurs entités,13.7
Mettre en place Système d'authentification à deux facteurs,Ajout de la 2FA par SMS ou application d'authentification avec gestion de la récupération,Mettre en place Système d'authentification à deux facteurs Ajout de la 2FA par SMS ou application d'authentification avec gestion de la récupération,34.5
Système de rôles et permissions,"Gestion de rôles (admin, manager, user) avec permissions différenciées par page","Système de rôles et permissions Gestion de rôles (admin, manager, user) avec permissions différenciées par page",21.7
Ajouter la fonctionnalité : Système de commentaires avec modération,Commentaires avec système de signalement et validation par un admin,Ajouter la fonctionnalité : Système de commentaires avec modération Commentaires avec système de signalement et validation par un admin,19.1
Système de géolocalisation en temps réel,Suivi de position en temps réel sur une carte avec historique des trajets,Système de géolocalisation en temps réel Suivi de position en temps réel sur une carte avec historique des trajets,40.0
Développer : Authentification utilisateur,Système de login et inscription avec validation email et hashage du mot de passe,Développer : Authentification utilisateur Système de login et inscription avec validation email et hashage du mot de passe,17.8
Changer le mot de passe,Formulaire simple de changement de mot de passe avec validation basique,Changer le mot de passe Formulaire simple de changement de mot de passe avec validation basique,5.0
Modifier le profil utilisateur,"Formulaire pour éditer nom, email et photo de profil","Modifier le profil utilisateur Formulaire pour éditer nom, email et photo de profil",6.1
Mettre en place Export CSV simple,Bouton pour exporter une liste en fichier CSV basique,Mettre en place Export CSV simple Bouton pour exporter une liste en fichier CSV basique,5.4
Mettre en place Module de facturation automatique récurrente,Génération automatique de factures récurrentes avec gestion des abonnements et relances,Mettre en place Module de facturation automatique récurrente Génération automatique de factures récurrentes avec gestion des abonnements et relances,33.7
Synchronisation temps réel multi-utilisateurs,Édition collaborative en temps réel avec gestion des conflits entre plusieurs utilisateurs,Synchronisation temps réel multi-utilisateurs Édition collaborative en temps réel avec gestion des conflits entre plusieurs utilisateurs,48.0
Développer : Estimation automatique de l'effort par IA,Modèle de machine learning qui prédit l'effort nécessaire à partir de la description d'une tâche,Développer : Estimation automatique de l'effort par IA Modèle de machine learning qui prédit l'effort nécessaire à partir de la description d'une tâche,47.9
Développer : Système de recommandation de produits,Moteur de recommandation basé sur l'historique d'achat et le comportement de l'utilisateur,Développer : Système de recommandation de produits Moteur de recommandation basé sur l'historique d'achat et le comportement de l'utilisateur,55.4
Moteur de scoring prédictif client,Modèle prédictif qui score les clients selon leur probabilité de conversion,Moteur de scoring prédictif client Modèle prédictif qui score les clients selon leur probabilité de conversion,60.5
Ajouter la fonctionnalité : Affichage des commentaires,"Liste des commentaires sous un article, sans modération","Ajouter la fonctionnalité : Affichage des commentaires Liste des commentaires sous un article, sans modération",4.5
Développer : Moteur de scoring prédictif client,Modèle prédictif qui score les clients selon leur probabilité de conversion,Développer : Moteur de scoring prédictif client Modèle prédictif qui score les clients selon leur probabilité de conversion,52.9
Dashboard avec statistiques,Tableau de bord affichant des graphiques et indicateurs clés à partir de la base de données,Dashboard avec statistiques Tableau de bord affichant des graphiques et indicateurs clés à partir de la base de données,18.9
Système de recherche full-text avec Elasticsearch,Intégration d'un moteur de recherche performant avec indexation et pertinence des résultats,Système de recherche full-text avec Elasticsearch Intégration d'un moteur de recherche performant avec indexation et pertinence des résultats,31.7
Ajouter la fonctionnalité : Intégration API de paiement multiple,"Support de plusieurs passerelles de paiement (Stripe, PayPal, virement) avec réconciliation","Ajouter la fonctionnalité : Intégration API de paiement multiple Support de plusieurs passerelles de paiement (Stripe, PayPal, virement) avec réconciliation",39.1
Ajout d'un système de favoris,Bouton pour ajouter/retirer un élément des favoris de l'utilisateur,Ajout d'un système de favoris Bouton pour ajouter/retirer un élément des favoris de l'utilisateur,6.5
Mettre en place Intégration API de paiement multiple,"Support de plusieurs passerelles de paiement (Stripe, PayPal, virement) avec réconciliation","Mettre en place Intégration API de paiement multiple Support de plusieurs passerelles de paiement (Stripe, PayPal, virement) avec réconciliation",41.2
Créer formulaire de contact,"Ajouter un formulaire simple avec nom, email et message, envoyé par mail","Créer formulaire de contact Ajouter un formulaire simple avec nom, email et message, envoyé par mail",5.3
Créer Créer table des catégories,"CRUD basique pour gérer des catégories (ajout, édition, suppression)","Créer Créer table des catégories CRUD basique pour gérer des catégories (ajout, édition, suppression)",8.2
Créer Ajouter bouton de suppression,Bouton pour supprimer un élément avec une confirmation basique,Créer Ajouter bouton de suppression Bouton pour supprimer un élément avec une confirmation basique,2.6
Créer Automatisation complète des tests avec IA,Génération automatique de scénarios de test à partir de l'analyse du code par IA,Créer Automatisation complète des tests avec IA Génération automatique de scénarios de test à partir de l'analyse du code par IA,43.1
Développer : Intégration API de paiement multiple,"Support de plusieurs passerelles de paiement (Stripe, PayPal, virement) avec réconciliation","Développer : Intégration API de paiement multiple Support de plusieurs passerelles de paiement (Stripe, PayPal, virement) avec réconciliation",43.7
Développer : Système de tags et étiquettes,Ajout d'un système de tags réutilisables sur plusieurs entités,Développer : Système de tags et étiquettes Ajout d'un système de tags réutilisables sur plusieurs entités,10.9
Créer Système d'authentification à deux facteurs,Ajout de la 2FA par SMS ou application d'authentification avec gestion de la récupération,Créer Système d'authentification à deux facteurs Ajout de la 2FA par SMS ou application d'authentification avec gestion de la récupération,34.0
Développer : Système de cache distribué,Mise en place de Redis pour la mise en cache distribuée sur plusieurs instances serveur,Développer : Système de cache distribué Mise en place de Redis pour la mise en cache distribuée sur plusieurs instances serveur,30.4
Développer : Système de recommandation basé sur le deep learning,Moteur de recommandation utilisant un réseau de neurones entraîné sur les données utilisateurs,Développer : Système de recommandation basé sur le deep learning Moteur de recommandation utilisant un réseau de neurones entraîné sur les données utilisateurs,71.3
Ajouter la fonctionnalité : Afficher liste des utilisateurs,Page qui affiche la liste des utilisateurs avec pagination simple,Ajouter la fonctionnalité : Afficher liste des utilisateurs Page qui affiche la liste des utilisateurs avec pagination simple,5.0
Système de validation en plusieurs étapes,"Workflow d'approbation à plusieurs niveaux (soumission, revue, validation finale)","Système de validation en plusieurs étapes Workflow d'approbation à plusieurs niveaux (soumission, revue, validation finale)",19.0
Système de messagerie en temps réel,"Chat en temps réel entre utilisateurs avec WebSockets, indicateurs de frappe et statut en ligne","Système de messagerie en temps réel Chat en temps réel entre utilisateurs avec WebSockets, indicateurs de frappe et statut en ligne",47.9
Système de recherche full-text avec Elasticsearch,Intégration d'un moteur de recherche performant avec indexation et pertinence des résultats,Système de recherche full-text avec Elasticsearch Intégration d'un moteur de recherche performant avec indexation et pertinence des résultats,39.0
Ajouter la fonctionnalité : Plateforme temps réel multi-tenant à grande échelle,Architecture supportant plusieurs organisations simultanément avec isolation des données et scalabilité,Ajouter la fonctionnalité : Plateforme temps réel multi-tenant à grande échelle Architecture supportant plusieurs organisations simultanément avec isolation des données et scalabilité,67.7
Système de tags et étiquettes,Ajout d'un système de tags réutilisables sur plusieurs entités,Système de tags et étiquettes Ajout d'un système de tags réutilisables sur plusieurs entités,12.0
Mettre en place Système de reconnaissance d'image,Intégration d'un modèle de vision par ordinateur pour classifier des images uploadées,Mettre en place Système de reconnaissance d'image Intégration d'un modèle de vision par ordinateur pour classifier des images uploadées,56.7
Développer : Système de recommandation basé sur le deep learning,Moteur de recommandation utilisant un réseau de neurones entraîné sur les données utilisateurs,Développer : Système de recommandation basé sur le deep learning Moteur de recommandation utilisant un réseau de neurones entraîné sur les données utilisateurs,64.1
Créer Page de contact avec carte,Formulaire de contact avec une carte Google Maps intégrée,Créer Page de contact avec carte Formulaire de contact avec une carte Google Maps intégrée,6.7
Mettre en place Système de validation en plusieurs étapes,"Workflow d'approbation à plusieurs niveaux (soumission, revue, validation finale)","Mettre en place Système de validation en plusieurs étapes Workflow d'approbation à plusieurs niveaux (soumission, revue, validation finale)",20.5
Mettre en place Système d'authentification à deux facteurs,Ajout de la 2FA par SMS ou application d'authentification avec gestion de la récupération,Mettre en place Système d'authentification à deux facteurs Ajout de la 2FA par SMS ou application d'authentification avec gestion de la récupération,25.7
Mettre en place Afficher liste des utilisateurs,Page qui affiche la liste des utilisateurs avec pagination simple,Mettre en place Afficher liste des utilisateurs Page qui affiche la liste des utilisateurs avec pagination simple,4.6
Système d'authentification à deux facteurs,Ajout de la 2FA par SMS ou application d'authentification avec gestion de la récupération,Système d'authentification à deux facteurs Ajout de la 2FA par SMS ou application d'authentification avec gestion de la récupération,31.4
Créer Liste des produits avec filtres simples,Affichage produits avec filtre par catégorie uniquement,Créer Liste des produits avec filtres simples Affichage produits avec filtre par catégorie uniquement,7.3
Créer Système de commentaires avec modération,Commentaires avec système de signalement et validation par un admin,Créer Système de commentaires avec modération Commentaires avec système de signalement et validation par un admin,16.1
Mettre en place Système de vidéoconférence intégrée,Appels vidéo entre utilisateurs directement dans l'application avec partage d'écran,Mettre en place Système de vidéoconférence intégrée Appels vidéo entre utilisateurs directement dans l'application avec partage d'écran,57.0
Système de cache distribué,Mise en place de Redis pour la mise en cache distribuée sur plusieurs instances serveur,Système de cache distribué Mise en place de Redis pour la mise en cache distribuée sur plusieurs instances serveur,26.1
Créer Page de contact avec carte,Formulaire de contact avec une carte Google Maps intégrée,Créer Page de contact avec carte Formulaire de contact avec une carte Google Maps intégrée,5.7
Mettre en place Calendrier des événements,Calendrier interactif affichant les événements avec vue mois/semaine,Mettre en place Calendrier des événements Calendrier interactif affichant les événements avec vue mois/semaine,17.0
Ajouter la fonctionnalité : Historique des actions utilisateur,Journal (log) qui trace les actions importantes effectuées par chaque utilisateur,Ajouter la fonctionnalité : Historique des actions utilisateur Journal (log) qui trace les actions importantes effectuées par chaque utilisateur,13.6
Développer : Système d'authentification à deux facteurs,Ajout de la 2FA par SMS ou application d'authentification avec gestion de la récupération,Développer : Système d'authentification à deux facteurs Ajout de la 2FA par SMS ou application d'authentification avec gestion de la récupération,28.9
Créer Système de validation en plusieurs étapes,"Workflow d'approbation à plusieurs niveaux (soumission, revue, validation finale)","Créer Système de validation en plusieurs étapes Workflow d'approbation à plusieurs niveaux (soumission, revue, validation finale)",18.4
Développer : Page 404 personnalisée,Page d'erreur personnalisée avec redirection vers l'accueil,Développer : Page 404 personnalisée Page d'erreur personnalisée avec redirection vers l'accueil,2.1
Ajout d'un menu de navigation,Menu responsive avec liens vers les pages principales,Ajout d'un menu de navigation Menu responsive avec liens vers les pages principales,4.0
Ajouter la fonctionnalité : Système de validation en plusieurs étapes,"Workflow d'approbation à plusieurs niveaux (soumission, revue, validation finale)","Ajouter la fonctionnalité : Système de validation en plusieurs étapes Workflow d'approbation à plusieurs niveaux (soumission, revue, validation finale)",19.9
Développer : Créer table des catégories,"CRUD basique pour gérer des catégories (ajout, édition, suppression)","Développer : Créer table des catégories CRUD basique pour gérer des catégories (ajout, édition, suppression)",7.5
Développer : Page 404 personnalisée,Page d'erreur personnalisée avec redirection vers l'accueil,Développer : Page 404 personnalisée Page d'erreur personnalisée avec redirection vers l'accueil,2.0
Ajouter la fonctionnalité : Système de notifications,Notifications en base de données affichées dans une cloche avec compteur non lus,Ajouter la fonctionnalité : Système de notifications Notifications en base de données affichées dans une cloche avec compteur non lus,16.8
Système de messagerie interne,"Chat simple entre utilisateurs avec historique des messages, sans temps réel","Système de messagerie interne Chat simple entre utilisateurs avec historique des messages, sans temps réel",20.0
Créer Module d'analyse prédictive,Tableau de bord utilisant un modèle prédictif pour anticiper des tendances métier,Créer Module d'analyse prédictive Tableau de bord utilisant un modèle prédictif pour anticiper des tendances métier,49.9
Mettre en place Système de géolocalisation en temps réel,Suivi de position en temps réel sur une carte avec historique des trajets,Mettre en place Système de géolocalisation en temps réel Suivi de position en temps réel sur une carte avec historique des trajets,41.0
Intégration API de paiement multiple,"Support de plusieurs passerelles de paiement (Stripe, PayPal, virement) avec réconciliation","Intégration API de paiement multiple Support de plusieurs passerelles de paiement (Stripe, PayPal, virement) avec réconciliation",37.6
Mettre en place Architecture microservices pour module critique,Refonte d'un module en microservice indépendant avec communication asynchrone,Mettre en place Architecture microservices pour module critique Refonte d'un module en microservice indépendant avec communication asynchrone,46.9
Mettre en place Liste des produits avec filtres simples,Affichage produits avec filtre par catégorie uniquement,Mettre en place Liste des produits avec filtres simples Affichage produits avec filtre par catégorie uniquement,7.0
Développer : Créer formulaire de contact,"Ajouter un formulaire simple avec nom, email et message, envoyé par mail","Développer : Créer formulaire de contact Ajouter un formulaire simple avec nom, email et message, envoyé par mail",5.8
Authentification utilisateur,Système de login et inscription avec validation email et hashage du mot de passe,Authentification utilisateur Système de login et inscription avec validation email et hashage du mot de passe,17.3
Développer : Ajouter bouton de suppression,Bouton pour supprimer un élément avec une confirmation basique,Développer : Ajouter bouton de suppression Bouton pour supprimer un élément avec une confirmation basique,3.3
Ajouter la fonctionnalité : Ajout d'un système de favoris,Bouton pour ajouter/retirer un élément des favoris de l'utilisateur,Ajouter la fonctionnalité : Ajout d'un système de favoris Bouton pour ajouter/retirer un élément des favoris de l'utilisateur,5.9
Créer Historique des actions utilisateur,Journal (log) qui trace les actions importantes effectuées par chaque utilisateur,Créer Historique des actions utilisateur Journal (log) qui trace les actions importantes effectuées par chaque utilisateur,12.1
Système de messagerie interne,"Chat simple entre utilisateurs avec historique des messages, sans temps réel","Système de messagerie interne Chat simple entre utilisateurs avec historique des messages, sans temps réel",22.1
Ajouter la fonctionnalité : Changer le mot de passe,Formulaire simple de changement de mot de passe avec validation basique,Ajouter la fonctionnalité : Changer le mot de passe Formulaire simple de changement de mot de passe avec validation basique,4.6
Mettre en place Système de validation en plusieurs étapes,"Workflow d'approbation à plusieurs niveaux (soumission, revue, validation finale)","Mettre en place Système de validation en plusieurs étapes Workflow d'approbation à plusieurs niveaux (soumission, revue, validation finale)",18.5
Mettre en place Système de recommandation basé sur le deep learning,Moteur de recommandation utilisant un réseau de neurones entraîné sur les données utilisateurs,Mettre en place Système de recommandation basé sur le deep learning Moteur de recommandation utilisant un réseau de neurones entraîné sur les données utilisateurs,62.1
Mettre en place Gestion des fichiers joints,"Permettre l'ajout de plusieurs fichiers (pdf, image) à une tâche avec prévisualisation","Mettre en place Gestion des fichiers joints Permettre l'ajout de plusieurs fichiers (pdf, image) à une tâche avec prévisualisation",17.0
Créer Synchronisation temps réel multi-utilisateurs,Édition collaborative en temps réel avec gestion des conflits entre plusieurs utilisateurs,Créer Synchronisation temps réel multi-utilisateurs Édition collaborative en temps réel avec gestion des conflits entre plusieurs utilisateurs,47.5
Développer : Automatisation complète des tests avec IA,Génération automatique de scénarios de test à partir de l'analyse du code par IA,Développer : Automatisation complète des tests avec IA Génération automatique de scénarios de test à partir de l'analyse du code par IA,47.4
Créer Export CSV simple,Bouton pour exporter une liste en fichier CSV basique,Créer Export CSV simple Bouton pour exporter une liste en fichier CSV basique,4.3
Ajouter la fonctionnalité : Système de reconnaissance d'image,Intégration d'un modèle de vision par ordinateur pour classifier des images uploadées,Ajouter la fonctionnalité : Système de reconnaissance d'image Intégration d'un modèle de vision par ordinateur pour classifier des images uploadées,60.1
Créer Système d'authentification à deux facteurs,Ajout de la 2FA par SMS ou application d'authentification avec gestion de la récupération,Créer Système d'authentification à deux facteurs Ajout de la 2FA par SMS ou application d'authentification avec gestion de la récupération,28.8
Upload et gestion d'images,Permettre l'upload d'images avec redimensionnement et stockage sécurisé,Upload et gestion d'images Permettre l'upload d'images avec redimensionnement et stockage sécurisé,15.0
Système d'authentification à deux facteurs,Ajout de la 2FA par SMS ou application d'authentification avec gestion de la récupération,Système d'authentification à deux facteurs Ajout de la 2FA par SMS ou application d'authentification avec gestion de la récupération,30.0
Mettre en place Intégration webhook multi-services,Système d'événements sortants vers plusieurs services externes avec retry automatique,Mettre en place Intégration webhook multi-services Système d'événements sortants vers plusieurs services externes avec retry automatique,33.1
Ajouter la fonctionnalité : Liste des produits avec filtres simples,Affichage produits avec filtre par catégorie uniquement,Ajouter la fonctionnalité : Liste des produits avec filtres simples Affichage produits avec filtre par catégorie uniquement,6.5
Page 404 personnalisée,Page d'erreur personnalisée avec redirection vers l'accueil,Page 404 personnalisée Page d'erreur personnalisée avec redirection vers l'accueil,2.2
Créer Dashboard avec statistiques,Tableau de bord affichant des graphiques et indicateurs clés à partir de la base de données,Créer Dashboard avec statistiques Tableau de bord affichant des graphiques et indicateurs clés à partir de la base de données,17.7
Système de rôles et permissions,"Gestion de rôles (admin, manager, user) avec permissions différenciées par page","Système de rôles et permissions Gestion de rôles (admin, manager, user) avec permissions différenciées par page",24.2
Modifier le profil utilisateur,"Formulaire pour éditer nom, email et photo de profil","Modifier le profil utilisateur Formulaire pour éditer nom, email et photo de profil",7.0
Mettre en place Intégration d'un système de tags dynamiques,Auto-complétion de tags existants lors de la saisie,Mettre en place Intégration d'un système de tags dynamiques Auto-complétion de tags existants lors de la saisie,10.0
Ajouter la fonctionnalité : Intégration paiement en ligne,"Ajouter Stripe pour permettre aux clients de payer leurs commandes, avec gestion des erreurs et webhook de confirmation","Ajouter la fonctionnalité : Intégration paiement en ligne Ajouter Stripe pour permettre aux clients de payer leurs commandes, avec gestion des erreurs et webhook de confirmation",43.8
Mettre en place Module de facturation automatique récurrente,Génération automatique de factures récurrentes avec gestion des abonnements et relances,Mettre en place Module de facturation automatique récurrente Génération automatique de factures récurrentes avec gestion des abonnements et relances,37.9
Chatbot intelligent avec NLP,Assistant conversationnel utilisant le traitement du langage naturel pour répondre aux questions clients,Chatbot intelligent avec NLP Assistant conversationnel utilisant le traitement du langage naturel pour répondre aux questions clients,55.9
Créer Intégration d'un système de tags dynamiques,Auto-complétion de tags existants lors de la saisie,Créer Intégration d'un système de tags dynamiques Auto-complétion de tags existants lors de la saisie,11.8
Système de recherche full-text avec Elasticsearch,Intégration d'un moteur de recherche performant avec indexation et pertinence des résultats,Système de recherche full-text avec Elasticsearch Intégration d'un moteur de recherche performant avec indexation et pertinence des résultats,32.2
Page 404 personnalisée,Page d'erreur personnalisée avec redirection vers l'accueil,Page 404 personnalisée Page d'erreur personnalisée avec redirection vers l'accueil,2.0
Créer Calendrier des événements,Calendrier interactif affichant les événements avec vue mois/semaine,Créer Calendrier des événements Calendrier interactif affichant les événements avec vue mois/semaine,16.2
Développer : Système de messagerie interne,"Chat simple entre utilisateurs avec historique des messages, sans temps réel","Développer : Système de messagerie interne Chat simple entre utilisateurs avec historique des messages, sans temps réel",17.5
Système de recommandation de produits,Moteur de recommandation basé sur l'historique d'achat et le comportement de l'utilisateur,Système de recommandation de produits Moteur de recommandation basé sur l'historique d'achat et le comportement de l'utilisateur,51.2
Créer Ajout d'un système de favoris,Bouton pour ajouter/retirer un élément des favoris de l'utilisateur,Créer Ajout d'un système de favoris Bouton pour ajouter/retirer un élément des favoris de l'utilisateur,5.8
Export CSV simple,Bouton pour exporter une liste en fichier CSV basique,Export CSV simple Bouton pour exporter une liste en fichier CSV basique,5.0
Page de contact avec carte,Formulaire de contact avec une carte Google Maps intégrée,Page de contact avec carte Formulaire de contact avec une carte Google Maps intégrée,5.9
Ajouter la fonctionnalité : Automatisation complète des tests avec IA,Génération automatique de scénarios de test à partir de l'analyse du code par IA,Ajouter la fonctionnalité : Automatisation complète des tests avec IA Génération automatique de scénarios de test à partir de l'analyse du code par IA,49.3
Développer : Authentification utilisateur,Système de login et inscription avec validation email et hashage du mot de passe,Développer : Authentification utilisateur Système de login et inscription avec validation email et hashage du mot de passe,14.2
Ajouter la fonctionnalité : Système de géolocalisation en temps réel,Suivi de position en temps réel sur une carte avec historique des trajets,Ajouter la fonctionnalité : Système de géolocalisation en temps réel Suivi de position en temps réel sur une carte avec historique des trajets,34.7
Créer Architecture microservices pour module critique,Refonte d'un module en microservice indépendant avec communication asynchrone,Créer Architecture microservices pour module critique Refonte d'un module en microservice indépendant avec communication asynchrone,44.3
Créer Affichage des commentaires,"Liste des commentaires sous un article, sans modération","Créer Affichage des commentaires Liste des commentaires sous un article, sans modération",4.8
Mettre en place Système de sécurité avec détection d'anomalies,Surveillance en temps réel du système avec détection d'anomalies via machine learning,Mettre en place Système de sécurité avec détection d'anomalies Surveillance en temps réel du système avec détection d'anomalies via machine learning,59.4
Développer : Automatisation complète des tests avec IA,Génération automatique de scénarios de test à partir de l'analyse du code par IA,Développer : Automatisation complète des tests avec IA Génération automatique de scénarios de test à partir de l'analyse du code par IA,50.0
Créer Ajouter un champ de recherche,Barre de recherche simple qui filtre une liste côté client,Créer Ajouter un champ de recherche Barre de recherche simple qui filtre une liste côté client,4.3
Créer Dashboard avec statistiques,Tableau de bord affichant des graphiques et indicateurs clés à partir de la base de données,Créer Dashboard avec statistiques Tableau de bord affichant des graphiques et indicateurs clés à partir de la base de données,18.5
Mettre en place Module de reporting avancé avec export multi-format,"Génération de rapports complexes avec agrégations, filtres dynamiques et export PDF/Excel","Mettre en place Module de reporting avancé avec export multi-format Génération de rapports complexes avec agrégations, filtres dynamiques et export PDF/Excel",37.3
Développer : Ajouter un champ de recherche,Barre de recherche simple qui filtre une liste côté client,Développer : Ajouter un champ de recherche Barre de recherche simple qui filtre une liste côté client,3.9
Développer : Intelligence artificielle de détection de fraude,Modèle de machine learning pour détecter les transactions frauduleuses en temps réel,Développer : Intelligence artificielle de détection de fraude Modèle de machine learning pour détecter les transactions frauduleuses en temps réel,56.6
Créer Système de tags et étiquettes,Ajout d'un système de tags réutilisables sur plusieurs entités,Créer Système de tags et étiquettes Ajout d'un système de tags réutilisables sur plusieurs entités,11.1
Développer : Ajouter bouton de suppression,Bouton pour supprimer un élément avec une confirmation basique,Développer : Ajouter bouton de suppression Bouton pour supprimer un élément avec une confirmation basique,2.9
Page 404 personnalisée,Page d'erreur personnalisée avec redirection vers l'accueil,Page 404 personnalisée Page d'erreur personnalisée avec redirection vers l'accueil,2.0
Créer formulaire de contact,"Ajouter un formulaire simple avec nom, email et message, envoyé par mail","Créer formulaire de contact Ajouter un formulaire simple avec nom, email et message, envoyé par mail",5.1
Page à propos statique,Page HTML statique avec texte de présentation de l'entreprise,Page à propos statique Page HTML statique avec texte de présentation de l'entreprise,2.1
Mettre en place Calendrier des événements,Calendrier interactif affichant les événements avec vue mois/semaine,Mettre en place Calendrier des événements Calendrier interactif affichant les événements avec vue mois/semaine,20.0
Mettre en place Intégration webhook multi-services,Système d'événements sortants vers plusieurs services externes avec retry automatique,Mettre en place Intégration webhook multi-services Système d'événements sortants vers plusieurs services externes avec retry automatique,28.2
Développer : Historique des actions utilisateur,Journal (log) qui trace les actions importantes effectuées par chaque utilisateur,Développer : Historique des actions utilisateur Journal (log) qui trace les actions importantes effectuées par chaque utilisateur,15.1
Développer : Système de sécurité avec détection d'anomalies,Surveillance en temps réel du système avec détection d'anomalies via machine learning,Développer : Système de sécurité avec détection d'anomalies Surveillance en temps réel du système avec détection d'anomalies via machine learning,60.9
Créer Système de géolocalisation en temps réel,Suivi de position en temps réel sur une carte avec historique des trajets,Créer Système de géolocalisation en temps réel Suivi de position en temps réel sur une carte avec historique des trajets,42.2
Ajouter la fonctionnalité : Recherche avancée avec filtres multiples,"Recherche avec plusieurs filtres combinés (date, catégorie, statut, prix)","Ajouter la fonctionnalité : Recherche avancée avec filtres multiples Recherche avec plusieurs filtres combinés (date, catégorie, statut, prix)",15.8
Intégration webhook multi-services,Système d'événements sortants vers plusieurs services externes avec retry automatique,Intégration webhook multi-services Système d'événements sortants vers plusieurs services externes avec retry automatique,30.3
Créer Authentification utilisateur,Système de login et inscription avec validation email et hashage du mot de passe,Créer Authentification utilisateur Système de login et inscription avec validation email et hashage du mot de passe,13.9
Système de recommandation basé sur le deep learning,Moteur de recommandation utilisant un réseau de neurones entraîné sur les données utilisateurs,Système de recommandation basé sur le deep learning Moteur de recommandation utilisant un réseau de neurones entraîné sur les données utilisateurs,65.2
Développer : Module de reporting avancé avec export multi-format,"Génération de rapports complexes avec agrégations, filtres dynamiques et export PDF/Excel","Développer : Module de reporting avancé avec export multi-format Génération de rapports complexes avec agrégations, filtres dynamiques et export PDF/Excel",35.4
Développer : Système de recherche full-text avec Elasticsearch,Intégration d'un moteur de recherche performant avec indexation et pertinence des résultats,Développer : Système de recherche full-text avec Elasticsearch Intégration d'un moteur de recherche performant avec indexation et pertinence des résultats,29.8
Créer Système de recommandation basé sur le deep learning,Moteur de recommandation utilisant un réseau de neurones entraîné sur les données utilisateurs,Créer Système de recommandation basé sur le deep learning Moteur de recommandation utilisant un réseau de neurones entraîné sur les données utilisateurs,55.4
Mettre en place Module de facturation automatique récurrente,Génération automatique de factures récurrentes avec gestion des abonnements et relances,Mettre en place Module de facturation automatique récurrente Génération automatique de factures récurrentes avec gestion des abonnements et relances,37.3
Système de traduction automatique intégré,Traduction en temps réel du contenu de l'application dans plusieurs langues via un modèle NLP,Système de traduction automatique intégré Traduction en temps réel du contenu de l'application dans plusieurs langues via un modèle NLP,43.9
Créer Automatisation complète des tests avec IA,Génération automatique de scénarios de test à partir de l'analyse du code par IA,Créer Automatisation complète des tests avec IA Génération automatique de scénarios de test à partir de l'analyse du code par IA,54.5
Développer : Authentification utilisateur,Système de login et inscription avec validation email et hashage du mot de passe,Développer : Authentification utilisateur Système de login et inscription avec validation email et hashage du mot de passe,17.7
Mettre en place Système de notifications,Notifications en base de données affichées dans une cloche avec compteur non lus,Mettre en place Système de notifications Notifications en base de données affichées dans une cloche avec compteur non lus,15.6
Mettre en place Ajout d'un menu de navigation,Menu responsive avec liens vers les pages principales,Mettre en place Ajout d'un menu de navigation Menu responsive avec liens vers les pages principales,3.4
Ajouter la fonctionnalité : Système de tags et étiquettes,Ajout d'un système de tags réutilisables sur plusieurs entités,Ajouter la fonctionnalité : Système de tags et étiquettes Ajout d'un système de tags réutilisables sur plusieurs entités,10.6
Développer : Export CSV simple,Bouton pour exporter une liste en fichier CSV basique,Développer : Export CSV simple Bouton pour exporter une liste en fichier CSV basique,4.5
Créer Modifier le profil utilisateur,"Formulaire pour éditer nom, email et photo de profil","Créer Modifier le profil utilisateur Formulaire pour éditer nom, email et photo de profil",7.7
Ajouter la fonctionnalité : Automatisation complète des tests avec IA,Génération automatique de scénarios de test à partir de l'analyse du code par IA,Ajouter la fonctionnalité : Automatisation complète des tests avec IA Génération automatique de scénarios de test à partir de l'analyse du code par IA,41.8
Ajouter la fonctionnalité : Ajout d'un système de favoris,Bouton pour ajouter/retirer un élément des favoris de l'utilisateur,Ajouter la fonctionnalité : Ajout d'un système de favoris Bouton pour ajouter/retirer un élément des favoris de l'utilisateur,6.0
Développer : Système de messagerie interne,"Chat simple entre utilisateurs avec historique des messages, sans temps réel","Développer : Système de messagerie interne Chat simple entre utilisateurs avec historique des messages, sans temps réel",21.5
Intégration paiement en ligne,"Ajouter Stripe pour permettre aux clients de payer leurs commandes, avec gestion des erreurs et webhook de confirmation","Intégration paiement en ligne Ajouter Stripe pour permettre aux clients de payer leurs commandes, avec gestion des erreurs et webhook de confirmation",40.0
Créer Changer le mot de passe,Formulaire simple de changement de mot de passe avec validation basique,Créer Changer le mot de passe Formulaire simple de changement de mot de passe avec validation basique,5.5
Développer : Liste des produits avec filtres simples,Affichage produits avec filtre par catégorie uniquement,Développer : Liste des produits avec filtres simples Affichage produits avec filtre par catégorie uniquement,7.4
Intégration paiement en ligne,"Ajouter Stripe pour permettre aux clients de payer leurs commandes, avec gestion des erreurs et webhook de confirmation","Intégration paiement en ligne Ajouter Stripe pour permettre aux clients de payer leurs commandes, avec gestion des erreurs et webhook de confirmation",37.0
Système de messagerie interne,"Chat simple entre utilisateurs avec historique des messages, sans temps réel","Système de messagerie interne Chat simple entre utilisateurs avec historique des messages, sans temps réel",19.5
Ajouter la fonctionnalité : Estimation automatique de l'effort par IA,Modèle de machine learning qui prédit l'effort nécessaire à partir de la description d'une tâche,Ajouter la fonctionnalité : Estimation automatique de l'effort par IA Modèle de machine learning qui prédit l'effort nécessaire à partir de la description d'une tâche,57.5
Mettre en place Système de traduction automatique intégré,Traduction en temps réel du contenu de l'application dans plusieurs langues via un modèle NLP,Mettre en place Système de traduction automatique intégré Traduction en temps réel du contenu de l'application dans plusieurs langues via un modèle NLP,46.7
Système de recommandation basé sur le deep learning,Moteur de recommandation utilisant un réseau de neurones entraîné sur les données utilisateurs,Système de recommandation basé sur le deep learning Moteur de recommandation utilisant un réseau de neurones entraîné sur les données utilisateurs,62.0
Ajouter la fonctionnalité : Ajouter un champ de recherche,Barre de recherche simple qui filtre une liste côté client,Ajouter la fonctionnalité : Ajouter un champ de recherche Barre de recherche simple qui filtre une liste côté client,3.5
Système de reconnaissance d'image,Intégration d'un modèle de vision par ordinateur pour classifier des images uploadées,Système de reconnaissance d'image Intégration d'un modèle de vision par ordinateur pour classifier des images uploadées,58.0
Architecture microservices pour module critique,Refonte d'un module en microservice indépendant avec communication asynchrone,Architecture microservices pour module critique Refonte d'un module en microservice indépendant avec communication asynchrone,46.0
Créer Intégration webhook multi-services,Système d'événements sortants vers plusieurs services externes avec retry automatique,Créer Intégration webhook multi-services Système d'événements sortants vers plusieurs services externes avec retry automatique,30.9
Chatbot intelligent avec NLP,Assistant conversationnel utilisant le traitement du langage naturel pour répondre aux questions clients,Chatbot intelligent avec NLP Assistant conversationnel utilisant le traitement du langage naturel pour répondre aux questions clients,55.0
Intégration API de paiement multiple,"Support de plusieurs passerelles de paiement (Stripe, PayPal, virement) avec réconciliation","Intégration API de paiement multiple Support de plusieurs passerelles de paiement (Stripe, PayPal, virement) avec réconciliation",42.0
Développer : Export PDF de rapport,Génération de rapports PDF dynamiques avec mise en page personnalisée,Développer : Export PDF de rapport Génération de rapports PDF dynamiques avec mise en page personnalisée,11.8
Développer : Système de commentaires avec modération,Commentaires avec système de signalement et validation par un admin,Développer : Système de commentaires avec modération Commentaires avec système de signalement et validation par un admin,19.4
Système de tags et étiquettes,Ajout d'un système de tags réutilisables sur plusieurs entités,Système de tags et étiquettes Ajout d'un système de tags réutilisables sur plusieurs entités,10.4
Créer Calendrier des événements,Calendrier interactif affichant les événements avec vue mois/semaine,Créer Calendrier des événements Calendrier interactif affichant les événements avec vue mois/semaine,18.4
Mettre en place Recherche avancée avec filtres multiples,"Recherche avec plusieurs filtres combinés (date, catégorie, statut, prix)","Mettre en place Recherche avancée avec filtres multiples Recherche avec plusieurs filtres combinés (date, catégorie, statut, prix)",13.8
Mettre en place Page de contact avec carte,Formulaire de contact avec une carte Google Maps intégrée,Mettre en place Page de contact avec carte Formulaire de contact avec une carte Google Maps intégrée,5.5
Ajouter la fonctionnalité : Système de tags et étiquettes,Ajout d'un système de tags réutilisables sur plusieurs entités,Ajouter la fonctionnalité : Système de tags et étiquettes Ajout d'un système de tags réutilisables sur plusieurs entités,12.5
Système de sécurité avec détection d'anomalies,Surveillance en temps réel du système avec détection d'anomalies via machine learning,Système de sécurité avec détection d'anomalies Surveillance en temps réel du système avec détection d'anomalies via machine learning,47.7
Plateforme temps réel multi-tenant à grande échelle,Architecture supportant plusieurs organisations simultanément avec isolation des données et scalabilité,Plateforme temps réel multi-tenant à grande échelle Architecture supportant plusieurs organisations simultanément avec isolation des données et scalabilité,56.4
Estimation automatique de l'effort par IA,Modèle de machine learning qui prédit l'effort nécessaire à partir de la description d'une tâche,Estimation automatique de l'effort par IA Modèle de machine learning qui prédit l'effort nécessaire à partir de la description d'une tâche,52.0
Développer : Architecture microservices pour module critique,Refonte d'un module en microservice indépendant avec communication asynchrone,Développer : Architecture microservices pour module critique Refonte d'un module en microservice indépendant avec communication asynchrone,50.6
Ajouter la fonctionnalité : Créer table des catégories,"CRUD basique pour gérer des catégories (ajout, édition, suppression)","Ajouter la fonctionnalité : Créer table des catégories CRUD basique pour gérer des catégories (ajout, édition, suppression)",8.2
Ajouter la fonctionnalité : Système de géolocalisation en temps réel,Suivi de position en temps réel sur une carte avec historique des trajets,Ajouter la fonctionnalité : Système de géolocalisation en temps réel Suivi de position en temps réel sur une carte avec historique des trajets,44.0
Mettre en place Moteur de scoring prédictif client,Modèle prédictif qui score les clients selon leur probabilité de conversion,Mettre en place Moteur de scoring prédictif client Modèle prédictif qui score les clients selon leur probabilité de conversion,52.6
Ajouter la fonctionnalité : Module de facturation automatique récurrente,Génération automatique de factures récurrentes avec gestion des abonnements et relances,Ajouter la fonctionnalité : Module de facturation automatique récurrente Génération automatique de factures récurrentes avec gestion des abonnements et relances,37.1
Développer : Ajout d'un menu de navigation,Menu responsive avec liens vers les pages principales,Développer : Ajout d'un menu de navigation Menu responsive avec liens vers les pages principales,3.9
Développer : Chatbot intelligent avec NLP,Assistant conversationnel utilisant le traitement du langage naturel pour répondre aux questions clients,Développer : Chatbot intelligent avec NLP Assistant conversationnel utilisant le traitement du langage naturel pour répondre aux questions clients,51.2
Système de recherche full-text avec Elasticsearch,Intégration d'un moteur de recherche performant avec indexation et pertinence des résultats,Système de recherche full-text avec Elasticsearch Intégration d'un moteur de recherche performant avec indexation et pertinence des résultats,37.7
Ajouter la fonctionnalité : Upload et gestion d'images,Permettre l'upload d'images avec redimensionnement et stockage sécurisé,Ajouter la fonctionnalité : Upload et gestion d'images Permettre l'upload d'images avec redimensionnement et stockage sécurisé,14.9
Créer Liste des produits avec filtres simples,Affichage produits avec filtre par catégorie uniquement,Créer Liste des produits avec filtres simples Affichage produits avec filtre par catégorie uniquement,7.8
Système de recommandation basé sur le deep learning,Moteur de recommandation utilisant un réseau de neurones entraîné sur les données utilisateurs,Système de recommandation basé sur le deep learning Moteur de recommandation utilisant un réseau de neurones entraîné sur les données utilisateurs,64.7
Développer : Système de rôles et permissions,"Gestion de rôles (admin, manager, user) avec permissions différenciées par page","Développer : Système de rôles et permissions Gestion de rôles (admin, manager, user) avec permissions différenciées par page",22.0
Créer Modifier le profil utilisateur,"Formulaire pour éditer nom, email et photo de profil","Créer Modifier le profil utilisateur Formulaire pour éditer nom, email et photo de profil",6.4
Mettre en place Système de géolocalisation en temps réel,Suivi de position en temps réel sur une carte avec historique des trajets,Mettre en place Système de géolocalisation en temps réel Suivi de position en temps réel sur une carte avec historique des trajets,41.4
Ajouter la fonctionnalité : Système de rôles et permissions,"Gestion de rôles (admin, manager, user) avec permissions différenciées par page","Ajouter la fonctionnalité : Système de rôles et permissions Gestion de rôles (admin, manager, user) avec permissions différenciées par page",18.9
Créer Ajout d'un menu de navigation,Menu responsive avec liens vers les pages principales,Créer Ajout d'un menu de navigation Menu responsive avec liens vers les pages principales,4.0
Ajouter la fonctionnalité : Changer le mot de passe,Formulaire simple de changement de mot de passe avec validation basique,Ajouter la fonctionnalité : Changer le mot de passe Formulaire simple de changement de mot de passe avec validation basique,4.4
Mettre en place Modifier le profil utilisateur,"Formulaire pour éditer nom, email et photo de profil","Mettre en place Modifier le profil utilisateur Formulaire pour éditer nom, email et photo de profil",6.7
Mettre en place Ajouter un champ de recherche,Barre de recherche simple qui filtre une liste côté client,Mettre en place Ajouter un champ de recherche Barre de recherche simple qui filtre une liste côté client,4.3
Mettre en place Intégration d'un système de tags dynamiques,Auto-complétion de tags existants lors de la saisie,Mettre en place Intégration d'un système de tags dynamiques Auto-complétion de tags existants lors de la saisie,12.2
Créer Modifier le profil utilisateur,"Formulaire pour éditer nom, email et photo de profil","Créer Modifier le profil utilisateur Formulaire pour éditer nom, email et photo de profil",6.1
Créer Intégration d'un système de tags dynamiques,Auto-complétion de tags existants lors de la saisie,Créer Intégration d'un système de tags dynamiques Auto-complétion de tags existants lors de la saisie,11.9
Développer : Système de commentaires avec modération,Commentaires avec système de signalement et validation par un admin,Développer : Système de commentaires avec modération Commentaires avec système de signalement et validation par un admin,16.0
Plateforme temps réel multi-tenant à grande échelle,Architecture supportant plusieurs organisations simultanément avec isolation des données et scalabilité,Plateforme temps réel multi-tenant à grande échelle Architecture supportant plusieurs organisations simultanément avec isolation des données et scalabilité,65.0
Mettre en place Créer formulaire de contact,"Ajouter un formulaire simple avec nom, email et message, envoyé par mail","Mettre en place Créer formulaire de contact Ajouter un formulaire simple avec nom, email et message, envoyé par mail",5.4
Intégration API de paiement multiple,"Support de plusieurs passerelles de paiement (Stripe, PayPal, virement) avec réconciliation","Intégration API de paiement multiple Support de plusieurs passerelles de paiement (Stripe, PayPal, virement) avec réconciliation",37.4
Module de facturation automatique récurrente,Génération automatique de factures récurrentes avec gestion des abonnements et relances,Module de facturation automatique récurrente Génération automatique de factures récurrentes avec gestion des abonnements et relances,36.2
Ajouter la fonctionnalité : Ajout d'un système de favoris,Bouton pour ajouter/retirer un élément des favoris de l'utilisateur,Ajouter la fonctionnalité : Ajout d'un système de favoris Bouton pour ajouter/retirer un élément des favoris de l'utilisateur,6.9
Intégration webhook multi-services,Système d'événements sortants vers plusieurs services externes avec retry automatique,Intégration webhook multi-services Système d'événements sortants vers plusieurs services externes avec retry automatique,32.1
Module d'analyse prédictive,Tableau de bord utilisant un modèle prédictif pour anticiper des tendances métier,Module d'analyse prédictive Tableau de bord utilisant un modèle prédictif pour anticiper des tendances métier,41.3
Développer : Intégration paiement en ligne,"Ajouter Stripe pour permettre aux clients de payer leurs commandes, avec gestion des erreurs et webhook de confirmation","Développer : Intégration paiement en ligne Ajouter Stripe pour permettre aux clients de payer leurs commandes, avec gestion des erreurs et webhook de confirmation",37.3
Ajouter la fonctionnalité : Intégration paiement en ligne,"Ajouter Stripe pour permettre aux clients de payer leurs commandes, avec gestion des erreurs et webhook de confirmation","Ajouter la fonctionnalité : Intégration paiement en ligne Ajouter Stripe pour permettre aux clients de payer leurs commandes, avec gestion des erreurs et webhook de confirmation",35.6
Afficher liste des utilisateurs,Page qui affiche la liste des utilisateurs avec pagination simple,Afficher liste des utilisateurs Page qui affiche la liste des utilisateurs avec pagination simple,4.9
Intégration API de paiement multiple,"Support de plusieurs passerelles de paiement (Stripe, PayPal, virement) avec réconciliation","Intégration API de paiement multiple Support de plusieurs passerelles de paiement (Stripe, PayPal, virement) avec réconciliation",41.2
Développer : Ajouter un champ de recherche,Barre de recherche simple qui filtre une liste côté client,Développer : Ajouter un champ de recherche Barre de recherche simple qui filtre une liste côté client,4.2
Créer Historique des actions utilisateur,Journal (log) qui trace les actions importantes effectuées par chaque utilisateur,Créer Historique des actions utilisateur Journal (log) qui trace les actions importantes effectuées par chaque utilisateur,13.8
Mettre en place Système de recommandation basé sur le deep learning,Moteur de recommandation utilisant un réseau de neurones entraîné sur les données utilisateurs,Mettre en place Système de recommandation basé sur le deep learning Moteur de recommandation utilisant un réseau de neurones entraîné sur les données utilisateurs,60.8
Système de cache distribué,Mise en place de Redis pour la mise en cache distribuée sur plusieurs instances serveur,Système de cache distribué Mise en place de Redis pour la mise en cache distribuée sur plusieurs instances serveur,31.7
Développer : Intégration paiement en ligne,"Ajouter Stripe pour permettre aux clients de payer leurs commandes, avec gestion des erreurs et webhook de confirmation","Développer : Intégration paiement en ligne Ajouter Stripe pour permettre aux clients de payer leurs commandes, avec gestion des erreurs et webhook de confirmation",42.6
Ajouter la fonctionnalité : Changer le mot de passe,Formulaire simple de changement de mot de passe avec validation basique,Ajouter la fonctionnalité : Changer le mot de passe Formulaire simple de changement de mot de passe avec validation basique,5.1
Développer : Module de reporting avancé avec export multi-format,"Génération de rapports complexes avec agrégations, filtres dynamiques et export PDF/Excel","Développer : Module de reporting avancé avec export multi-format Génération de rapports complexes avec agrégations, filtres dynamiques et export PDF/Excel",40.9
Ajouter la fonctionnalité : Système de notifications,Notifications en base de données affichées dans une cloche avec compteur non lus,Ajouter la fonctionnalité : Système de notifications Notifications en base de données affichées dans une cloche avec compteur non lus,15.5
Développer : Synchronisation temps réel multi-utilisateurs,Édition collaborative en temps réel avec gestion des conflits entre plusieurs utilisateurs,Développer : Synchronisation temps réel multi-utilisateurs Édition collaborative en temps réel avec gestion des conflits entre plusieurs utilisateurs,51.0
Développer : Automatisation complète des tests avec IA,Génération automatique de scénarios de test à partir de l'analyse du code par IA,Développer : Automatisation complète des tests avec IA Génération automatique de scénarios de test à partir de l'analyse du code par IA,46.9
Module d'analyse prédictive,Tableau de bord utilisant un modèle prédictif pour anticiper des tendances métier,Module d'analyse prédictive Tableau de bord utilisant un modèle prédictif pour anticiper des tendances métier,44.0
Développer : Recherche avancée avec filtres multiples,"Recherche avec plusieurs filtres combinés (date, catégorie, statut, prix)","Développer : Recherche avancée avec filtres multiples Recherche avec plusieurs filtres combinés (date, catégorie, statut, prix)",14.9
Mettre en place Recherche avancée avec filtres multiples,"Recherche avec plusieurs filtres combinés (date, catégorie, statut, prix)","Mettre en place Recherche avancée avec filtres multiples Recherche avec plusieurs filtres combinés (date, catégorie, statut, prix)",16.5
Mettre en place Intégration d'un système de tags dynamiques,Auto-complétion de tags existants lors de la saisie,Mettre en place Intégration d'un système de tags dynamiques Auto-complétion de tags existants lors de la saisie,11.8
Mettre en place Affichage des commentaires,"Liste des commentaires sous un article, sans modération","Mettre en place Affichage des commentaires Liste des commentaires sous un article, sans modération",5.5
Ajouter la fonctionnalité : Créer formulaire de contact,"Ajouter un formulaire simple avec nom, email et message, envoyé par mail","Ajouter la fonctionnalité : Créer formulaire de contact Ajouter un formulaire simple avec nom, email et message, envoyé par mail",5.8
Créer Système de traduction automatique intégré,Traduction en temps réel du contenu de l'application dans plusieurs langues via un modèle NLP,Créer Système de traduction automatique intégré Traduction en temps réel du contenu de l'application dans plusieurs langues via un modèle NLP,49.5
Ajouter la fonctionnalité : Calendrier des événements,Calendrier interactif affichant les événements avec vue mois/semaine,Ajouter la fonctionnalité : Calendrier des événements Calendrier interactif affichant les événements avec vue mois/semaine,15.9
Développer : Plateforme temps réel multi-tenant à grande échelle,Architecture supportant plusieurs organisations simultanément avec isolation des données et scalabilité,Développer : Plateforme temps réel multi-tenant à grande échelle Architecture supportant plusieurs organisations simultanément avec isolation des données et scalabilité,65.0
Système de commentaires avec modération,Commentaires avec système de signalement et validation par un admin,Système de commentaires avec modération Commentaires avec système de signalement et validation par un admin,19.1
Système de messagerie en temps réel,"Chat en temps réel entre utilisateurs avec WebSockets, indicateurs de frappe et statut en ligne","Système de messagerie en temps réel Chat en temps réel entre utilisateurs avec WebSockets, indicateurs de frappe et statut en ligne",45.0
Ajouter la fonctionnalité : Intégration d'un système de tags dynamiques,Auto-complétion de tags existants lors de la saisie,Ajouter la fonctionnalité : Intégration d'un système de tags dynamiques Auto-complétion de tags existants lors de la saisie,10.3
Mettre en place Système de recommandation de produits,Moteur de recommandation basé sur l'historique d'achat et le comportement de l'utilisateur,Mettre en place Système de recommandation de produits Moteur de recommandation basé sur l'historique d'achat et le comportement de l'utilisateur,55.9
Système de cache distribué,Mise en place de Redis pour la mise en cache distribuée sur plusieurs instances serveur,Système de cache distribué Mise en place de Redis pour la mise en cache distribuée sur plusieurs instances serveur,28.0
Développer : Créer table des catégories,"CRUD basique pour gérer des catégories (ajout, édition, suppression)","Développer : Créer table des catégories CRUD basique pour gérer des catégories (ajout, édition, suppression)",7.8
Recherche avancée avec filtres multiples,"Recherche avec plusieurs filtres combinés (date, catégorie, statut, prix)","Recherche avancée avec filtres multiples Recherche avec plusieurs filtres combinés (date, catégorie, statut, prix)",13.3
Développer : Export PDF de rapport,Génération de rapports PDF dynamiques avec mise en page personnalisée,Développer : Export PDF de rapport Génération de rapports PDF dynamiques avec mise en page personnalisée,14.9
Ajouter la fonctionnalité : Afficher liste des utilisateurs,Page qui affiche la liste des utilisateurs avec pagination simple,Ajouter la fonctionnalité : Afficher liste des utilisateurs Page qui affiche la liste des utilisateurs avec pagination simple,5.0
Créer Intégration paiement en ligne,"Ajouter Stripe pour permettre aux clients de payer leurs commandes, avec gestion des erreurs et webhook de confirmation","Créer Intégration paiement en ligne Ajouter Stripe pour permettre aux clients de payer leurs commandes, avec gestion des erreurs et webhook de confirmation",38.6
Créer Intégration webhook multi-services,Système d'événements sortants vers plusieurs services externes avec retry automatique,Créer Intégration webhook multi-services Système d'événements sortants vers plusieurs services externes avec retry automatique,34.6
Mettre en place Système de rôles et permissions,"Gestion de rôles (admin, manager, user) avec permissions différenciées par page","Mettre en place Système de rôles et permissions Gestion de rôles (admin, manager, user) avec permissions différenciées par page",22.5
Système de reconnaissance d'image,Intégration d'un modèle de vision par ordinateur pour classifier des images uploadées,Système de reconnaissance d'image Intégration d'un modèle de vision par ordinateur pour classifier des images uploadées,53.2
Page de contact avec carte,Formulaire de contact avec une carte Google Maps intégrée,Page de contact avec carte Formulaire de contact avec une carte Google Maps intégrée,6.5
Mettre en place Créer table des catégories,"CRUD basique pour gérer des catégories (ajout, édition, suppression)","Mettre en place Créer table des catégories CRUD basique pour gérer des catégories (ajout, édition, suppression)",7.1
Développer : Chatbot intelligent avec NLP,Assistant conversationnel utilisant le traitement du langage naturel pour répondre aux questions clients,Développer : Chatbot intelligent avec NLP Assistant conversationnel utilisant le traitement du langage naturel pour répondre aux questions clients,57.1
Mettre en place Système de rôles et permissions,"Gestion de rôles (admin, manager, user) avec permissions différenciées par page","Mettre en place Système de rôles et permissions Gestion de rôles (admin, manager, user) avec permissions différenciées par page",24.5
Système de sécurité avec détection d'anomalies,Surveillance en temps réel du système avec détection d'anomalies via machine learning,Système de sécurité avec détection d'anomalies Surveillance en temps réel du système avec détection d'anomalies via machine learning,56.0
Système de traduction automatique intégré,Traduction en temps réel du contenu de l'application dans plusieurs langues via un modèle NLP,Système de traduction automatique intégré Traduction en temps réel du contenu de l'application dans plusieurs langues via un modèle NLP,47.1
Ajouter la fonctionnalité : Système de traduction automatique intégré,Traduction en temps réel du contenu de l'application dans plusieurs langues via un modèle NLP,Ajouter la fonctionnalité : Système de traduction automatique intégré Traduction en temps réel du contenu de l'application dans plusieurs langues via un modèle NLP,46.3
Système de notifications,Notifications en base de données affichées dans une cloche avec compteur non lus,Système de notifications Notifications en base de données affichées dans une cloche avec compteur non lus,18.0
Ajouter la fonctionnalité : Afficher liste des utilisateurs,Page qui affiche la liste des utilisateurs avec pagination simple,Ajouter la fonctionnalité : Afficher liste des utilisateurs Page qui affiche la liste des utilisateurs avec pagination simple,4.5
Ajouter la fonctionnalité : Système de tags et étiquettes,Ajout d'un système de tags réutilisables sur plusieurs entités,Ajouter la fonctionnalité : Système de tags et étiquettes Ajout d'un système de tags réutilisables sur plusieurs entités,11.5
Ajouter la fonctionnalité : Synchronisation temps réel multi-utilisateurs,Édition collaborative en temps réel avec gestion des conflits entre plusieurs utilisateurs,Ajouter la fonctionnalité : Synchronisation temps réel multi-utilisateurs Édition collaborative en temps réel avec gestion des conflits entre plusieurs utilisateurs,51.0
Authentification utilisateur,Système de login et inscription avec validation email et hashage du mot de passe,Authentification utilisateur Système de login et inscription avec validation email et hashage du mot de passe,16.0
Créer Historique des actions utilisateur,Journal (log) qui trace les actions importantes effectuées par chaque utilisateur,Créer Historique des actions utilisateur Journal (log) qui trace les actions importantes effectuées par chaque utilisateur,15.1
Calendrier des événements,Calendrier interactif affichant les événements avec vue mois/semaine,Calendrier des événements Calendrier interactif affichant les événements avec vue mois/semaine,18.0
Créer Ajouter bouton de suppression,Bouton pour supprimer un élément avec une confirmation basique,Créer Ajouter bouton de suppression Bouton pour supprimer un élément avec une confirmation basique,3.3
Mettre en place Export CSV simple,Bouton pour exporter une liste en fichier CSV basique,Mettre en place Export CSV simple Bouton pour exporter une liste en fichier CSV basique,4.6
Créer Synchronisation temps réel multi-utilisateurs,Édition collaborative en temps réel avec gestion des conflits entre plusieurs utilisateurs,Créer Synchronisation temps réel multi-utilisateurs Édition collaborative en temps réel avec gestion des conflits entre plusieurs utilisateurs,43.5
Ajouter la fonctionnalité : Système de tags et étiquettes,Ajout d'un système de tags réutilisables sur plusieurs entités,Ajouter la fonctionnalité : Système de tags et étiquettes Ajout d'un système de tags réutilisables sur plusieurs entités,13.1
Module de facturation automatique récurrente,Génération automatique de factures récurrentes avec gestion des abonnements et relances,Module de facturation automatique récurrente Génération automatique de factures récurrentes avec gestion des abonnements et relances,33.1
Développer : Ajout d'un menu de navigation,Menu responsive avec liens vers les pages principales,Développer : Ajout d'un menu de navigation Menu responsive avec liens vers les pages principales,4.6
Ajouter bouton de suppression,Bouton pour supprimer un élément avec une confirmation basique,Ajouter bouton de suppression Bouton pour supprimer un élément avec une confirmation basique,3.0
Mettre en place Module d'analyse prédictive,Tableau de bord utilisant un modèle prédictif pour anticiper des tendances métier,Mettre en place Module d'analyse prédictive Tableau de bord utilisant un modèle prédictif pour anticiper des tendances métier,46.2
Ajouter la fonctionnalité : Créer table des catégories,"CRUD basique pour gérer des catégories (ajout, édition, suppression)","Ajouter la fonctionnalité : Créer table des catégories CRUD basique pour gérer des catégories (ajout, édition, suppression)",7.5
Ajouter la fonctionnalité : Dashboard avec statistiques,Tableau de bord affichant des graphiques et indicateurs clés à partir de la base de données,Ajouter la fonctionnalité : Dashboard avec statistiques Tableau de bord affichant des graphiques et indicateurs clés à partir de la base de données,21.8
Ajouter la fonctionnalité : Afficher liste des utilisateurs,Page qui affiche la liste des utilisateurs avec pagination simple,Ajouter la fonctionnalité : Afficher liste des utilisateurs Page qui affiche la liste des utilisateurs avec pagination simple,5.1
Créer Système de reconnaissance d'image,Intégration d'un modèle de vision par ordinateur pour classifier des images uploadées,Créer Système de reconnaissance d'image Intégration d'un modèle de vision par ordinateur pour classifier des images uploadées,53.0
Ajouter la fonctionnalité : Authentification utilisateur,Système de login et inscription avec validation email et hashage du mot de passe,Ajouter la fonctionnalité : Authentification utilisateur Système de login et inscription avec validation email et hashage du mot de passe,14.1
Intelligence artificielle de détection de fraude,Modèle de machine learning pour détecter les transactions frauduleuses en temps réel,Intelligence artificielle de détection de fraude Modèle de machine learning pour détecter les transactions frauduleuses en temps réel,64.4
Dashboard avec statistiques,Tableau de bord affichant des graphiques et indicateurs clés à partir de la base de données,Dashboard avec statistiques Tableau de bord affichant des graphiques et indicateurs clés à partir de la base de données,17.7
Créer Intégration d'un système de tags dynamiques,Auto-complétion de tags existants lors de la saisie,Créer Intégration d'un système de tags dynamiques Auto-complétion de tags existants lors de la saisie,10.4
Liste des produits avec filtres simples,Affichage produits avec filtre par catégorie uniquement,Liste des produits avec filtres simples Affichage produits avec filtre par catégorie uniquement,7.6
Système de traduction automatique intégré,Traduction en temps réel du contenu de l'application dans plusieurs langues via un modèle NLP,Système de traduction automatique intégré Traduction en temps réel du contenu de l'application dans plusieurs langues via un modèle NLP,50.0
Système de commentaires avec modération,Commentaires avec système de signalement et validation par un admin,Système de commentaires avec modération Commentaires avec système de signalement et validation par un admin,17.0
Ajouter la fonctionnalité : Moteur de scoring prédictif client,Modèle prédictif qui score les clients selon leur probabilité de conversion,Ajouter la fonctionnalité : Moteur de scoring prédictif client Modèle prédictif qui score les clients selon leur probabilité de conversion,59.3
Module de facturation automatique récurrente,Génération automatique de factures récurrentes avec gestion des abonnements et relances,Module de facturation automatique récurrente Génération automatique de factures récurrentes avec gestion des abonnements et relances,39.3
Ajouter la fonctionnalité : Système de messagerie interne,"Chat simple entre utilisateurs avec historique des messages, sans temps réel","Ajouter la fonctionnalité : Système de messagerie interne Chat simple entre utilisateurs avec historique des messages, sans temps réel",19.1
Développer : Authentification utilisateur,Système de login et inscription avec validation email et hashage du mot de passe,Développer : Authentification utilisateur Système de login et inscription avec validation email et hashage du mot de passe,16.2
Mettre en place Intégration d'un système de tags dynamiques,Auto-complétion de tags existants lors de la saisie,Mettre en place Intégration d'un système de tags dynamiques Auto-complétion de tags existants lors de la saisie,10.1
Développer : Affichage des commentaires,"Liste des commentaires sous un article, sans modération","Développer : Affichage des commentaires Liste des commentaires sous un article, sans modération",4.3
Créer Export PDF de rapport,Génération de rapports PDF dynamiques avec mise en page personnalisée,Créer Export PDF de rapport Génération de rapports PDF dynamiques avec mise en page personnalisée,11.5
Créer Affichage des commentaires,"Liste des commentaires sous un article, sans modération","Créer Affichage des commentaires Liste des commentaires sous un article, sans modération",4.5
Ajouter la fonctionnalité : Système de recherche full-text avec Elasticsearch,Intégration d'un moteur de recherche performant avec indexation et pertinence des résultats,Ajouter la fonctionnalité : Système de recherche full-text avec Elasticsearch Intégration d'un moteur de recherche performant avec indexation et pertinence des résultats,31.6
Créer Affichage des commentaires,"Liste des commentaires sous un article, sans modération","Créer Affichage des commentaires Liste des commentaires sous un article, sans modération",4.7
Ajouter la fonctionnalité : Chatbot intelligent avec NLP,Assistant conversationnel utilisant le traitement du langage naturel pour répondre aux questions clients,Ajouter la fonctionnalité : Chatbot intelligent avec NLP Assistant conversationnel utilisant le traitement du langage naturel pour répondre aux questions clients,56.2
Ajouter la fonctionnalité : Synchronisation temps réel multi-utilisateurs,Édition collaborative en temps réel avec gestion des conflits entre plusieurs utilisateurs,Ajouter la fonctionnalité : Synchronisation temps réel multi-utilisateurs Édition collaborative en temps réel avec gestion des conflits entre plusieurs utilisateurs,41.0
Ajouter la fonctionnalité : Module d'analyse prédictive,Tableau de bord utilisant un modèle prédictif pour anticiper des tendances métier,Ajouter la fonctionnalité : Module d'analyse prédictive Tableau de bord utilisant un modèle prédictif pour anticiper des tendances métier,43.1
Système de commentaires avec modération,Commentaires avec système de signalement et validation par un admin,Système de commentaires avec modération Commentaires avec système de signalement et validation par un admin,18.8
Créer Authentification utilisateur,Système de login et inscription avec validation email et hashage du mot de passe,Créer Authentification utilisateur Système de login et inscription avec validation email et hashage du mot de passe,14.8
Ajouter la fonctionnalité : Page 404 personnalisée,Page d'erreur personnalisée avec redirection vers l'accueil,Ajouter la fonctionnalité : Page 404 personnalisée Page d'erreur personnalisée avec redirection vers l'accueil,2.1
Ajouter la fonctionnalité : Ajouter bouton de suppression,Bouton pour supprimer un élément avec une confirmation basique,Ajouter la fonctionnalité : Ajouter bouton de suppression Bouton pour supprimer un élément avec une confirmation basique,3.1
Développer : Module d'analyse prédictive,Tableau de bord utilisant un modèle prédictif pour anticiper des tendances métier,Développer : Module d'analyse prédictive Tableau de bord utilisant un modèle prédictif pour anticiper des tendances métier,43.6
Système de recommandation de produits,Moteur de recommandation basé sur l'historique d'achat et le comportement de l'utilisateur,Système de recommandation de produits Moteur de recommandation basé sur l'historique d'achat et le comportement de l'utilisateur,50.0
Créer Liste des produits avec filtres simples,Affichage produits avec filtre par catégorie uniquement,Créer Liste des produits avec filtres simples Affichage produits avec filtre par catégorie uniquement,6.4
Module de reporting avancé avec export multi-format,"Génération de rapports complexes avec agrégations, filtres dynamiques et export PDF/Excel","Module de reporting avancé avec export multi-format Génération de rapports complexes avec agrégations, filtres dynamiques et export PDF/Excel",36.9
Créer table des catégories,"CRUD basique pour gérer des catégories (ajout, édition, suppression)","Créer table des catégories CRUD basique pour gérer des catégories (ajout, édition, suppression)",7.5
Créer Chatbot intelligent avec NLP,Assistant conversationnel utilisant le traitement du langage naturel pour répondre aux questions clients,Créer Chatbot intelligent avec NLP Assistant conversationnel utilisant le traitement du langage naturel pour répondre aux questions clients,55.6
Créer Système de géolocalisation en temps réel,Suivi de position en temps réel sur une carte avec historique des trajets,Créer Système de géolocalisation en temps réel Suivi de position en temps réel sur une carte avec historique des trajets,36.7
Ajouter la fonctionnalité : Estimation automatique de l'effort par IA,Modèle de machine learning qui prédit l'effort nécessaire à partir de la description d'une tâche,Ajouter la fonctionnalité : Estimation automatique de l'effort par IA Modèle de machine learning qui prédit l'effort nécessaire à partir de la description d'une tâche,57.7
Système de cache distribué,Mise en place de Redis pour la mise en cache distribuée sur plusieurs instances serveur,Système de cache distribué Mise en place de Redis pour la mise en cache distribuée sur plusieurs instances serveur,28.9
Ajouter la fonctionnalité : Modifier le profil utilisateur,"Formulaire pour éditer nom, email et photo de profil","Ajouter la fonctionnalité : Modifier le profil utilisateur Formulaire pour éditer nom, email et photo de profil",7.7
Développer : Système de recommandation basé sur le deep learning,Moteur de recommandation utilisant un réseau de neurones entraîné sur les données utilisateurs,Développer : Système de recommandation basé sur le deep learning Moteur de recommandation utilisant un réseau de neurones entraîné sur les données utilisateurs,61.8
Ajouter la fonctionnalité : Historique des actions utilisateur,Journal (log) qui trace les actions importantes effectuées par chaque utilisateur,Ajouter la fonctionnalité : Historique des actions utilisateur Journal (log) qui trace les actions importantes effectuées par chaque utilisateur,16.0
Mettre en place Ajout d'un système de favoris,Bouton pour ajouter/retirer un élément des favoris de l'utilisateur,Mettre en place Ajout d'un système de favoris Bouton pour ajouter/retirer un élément des favoris de l'utilisateur,5.5
Ajouter la fonctionnalité : Système de validation en plusieurs étapes,"Workflow d'approbation à plusieurs niveaux (soumission, revue, validation finale)","Ajouter la fonctionnalité : Système de validation en plusieurs étapes Workflow d'approbation à plusieurs niveaux (soumission, revue, validation finale)",21.6
Ajouter la fonctionnalité : Créer formulaire de contact,"Ajouter un formulaire simple avec nom, email et message, envoyé par mail","Ajouter la fonctionnalité : Créer formulaire de contact Ajouter un formulaire simple avec nom, email et message, envoyé par mail",6.8
Recherche avancée avec filtres multiples,"Recherche avec plusieurs filtres combinés (date, catégorie, statut, prix)","Recherche avancée avec filtres multiples Recherche avec plusieurs filtres combinés (date, catégorie, statut, prix)",14.5
Ajouter la fonctionnalité : Système de cache distribué,Mise en place de Redis pour la mise en cache distribuée sur plusieurs instances serveur,Ajouter la fonctionnalité : Système de cache distribué Mise en place de Redis pour la mise en cache distribuée sur plusieurs instances serveur,25.0
Ajout d'un menu de navigation,Menu responsive avec liens vers les pages principales,Ajout d'un menu de navigation Menu responsive avec liens vers les pages principales,4.5
Ajouter la fonctionnalité : Changer le mot de passe,Formulaire simple de changement de mot de passe avec validation basique,Ajouter la fonctionnalité : Changer le mot de passe Formulaire simple de changement de mot de passe avec validation basique,5.5
